{"attributes": {"name": "Network", "gkey_node": {"0.001,-0.108,1.827": 20, "0.000,0.244,1.750": 8, "0.001,-0.226,1.781": 34, "-0.001,0.355,1.665": 29, "0.001,-0.343,1.702": 27, "-0.001,0.447,1.567": 30, "0.002,-0.446,1.603": 15, "-0.001,0.524,1.463": 4, "0.002,-0.532,1.496": 28, "-0.001,0.589,1.357": 33, "0.002,-0.602,1.387": 21, "-0.002,0.644,1.250": 25, "0.002,-0.662,1.278": 13, "-0.002,0.693,1.142": 32, "0.002,-0.714,1.168": 24, "-0.002,0.737,1.032": 0, "0.002,-0.760,1.058": 22, "-0.002,0.776,0.921": 31, "0.003,-0.801,0.946": 11, "-0.002,0.813,0.808": 18, "0.003,-0.839,0.834": 3, "-0.002,0.847,0.694": 19, "0.003,-0.874,0.719": 26, "-0.002,0.879,0.577": 6, "0.003,-0.906,0.603": 17, "-0.002,0.909,0.459": 7, "0.003,-0.937,0.485": 14, "-0.002,0.937,0.340": 12, "0.003,-0.966,0.366": 9, "-0.003,0.963,0.219": 2, "0.003,-0.993,0.246": 5, "-0.003,0.989,0.097": 16, "0.003,-1.019,0.124": 23}, "tol": "3f"}, "node_attributes": {"x": 0.0, "y": 0.0, "z": 0.0, "qx": 0.0, "qy": 0.0, "qz": 0.0, "rx": 0.0, "ry": 0.0, "rz": 0.0, "type": null, "_w": null}, "edge_attributes": {"type": null, "length": 0.0, "force": 0.0}, "node": {"21": {"qz": -0.018, "y": -0.6024447664888689, "qx": 0.0, "z": 1.3871394479538064, "x": 0.0019532979549216622, "qy": 0.0, "_w": 6}, "10": {"qz": -0.018, "y": 0.11745731782454467, "qx": 0.0, "z": 1.8115667579180605, "x": -0.0001178845897171956, "qy": 0.0, "type": "root", "_w": 0}, "14": {"qz": -0.018, "y": -0.9369324275590579, "qx": 0.0, "z": 0.48541727286744646, "x": 0.0029156302221860055, "qy": 0.0, "_w": 14}, "13": {"qz": -0.018, "y": -0.6622120898472764, "qx": 0.0, "z": 1.2777930777748812, "x": 0.0021252505573339476, "qy": 0.0, "_w": 7}, "31": {"qz": -0.018, "y": 0.7763796414890096, "qx": 0.0, "z": 0.9211978359486801, "x": -0.0020136263090210172, "qy": 0.0, "_w": 9}, "3": {"qz": -0.018, "y": -0.8388777572893504, "qx": 0.0, "z": 0.8336324453498423, "x": 0.0026335236330980918, "qy": 0.0, "_w": 11}, "1": {"qz": -0.018, "y": -0.00829953672787523, "qx": 0.0, "z": 1.8359915334945582, "x": 0.0002439221166296423, "qy": 0.0, "type": "root", "_w": 0}, "9": {"qz": -0.018, "y": -0.9657151674059047, "qx": 0.0, "z": 0.3661876809820067, "x": 0.0029984391341987076, "qy": 0.0, "_w": 15}, "30": {"qz": -0.018, "y": 0.4473604893839759, "qx": 0.0, "z": 1.5665070555661067, "x": -0.0010670271262422295, "qy": 0.0, "_w": 3}, "22": {"qz": -0.018, "y": -0.7598272771538228, "qx": 0.0, "z": 1.0577428494282184, "x": 0.002406092739133982, "qy": 0.0, "_w": 9}, "20": {"qz": -0.018, "y": -0.10785197920107717, "qx": 0.0, "z": 1.826545414521703, "x": 0.0005303378467956536, "qy": 0.0, "_w": 1}, "23": {"y": -1.0186916645778288, "z": 0.12397107310399415, "x": 0.003150854300940786, "type": "support", "_w": 17, "rx": -0.00017912542049232976, "ry": 0.06226045304395405, "rz": 0.29390763653955915}, "24": {"qz": -0.018, "y": -0.7140362626362755, "qx": 0.0, "z": 1.1679961872288296, "x": 0.0022743504480132377, "qy": 0.0, "_w": 8}, "16": {"y": 0.9886522277273826, "z": 0.09718212957887178, "x": -0.002624341689490534, "type": "support", "_w": 16, "rx": 0.00017912542049232976, "ry": -0.06226045304395405, "rz": 0.30009236346044077}, "29": {"qz": -0.018, "y": 0.3546096822840425, "qx": 0.0, "z": 1.6649663464063187, "x": -0.0008001799301408855, "qy": 0.0, "_w": 2}, "33": {"qz": -0.018, "y": 0.5887989131413888, "qx": 0.0, "z": 1.3568061955420745, "x": -0.0014739502353855727, "qy": 0.0, "_w": 5}, "7": {"qz": -0.018, "y": 0.9085106790757085, "qx": 0.0, "z": 0.45945817940805944, "x": -0.0023937717546556056, "qy": 0.0, "_w": 13}, "18": {"qz": -0.018, "y": 0.8129403841939741, "qx": 0.0, "z": 0.8083968662688156, "x": -0.002118812797238751, "qy": 0.0, "_w": 10}, "17": {"qz": -0.018, "y": -0.9063865023629548, "qx": 0.0, "z": 0.6031196081610519, "x": 0.002827748566535083, "qy": 0.0, "_w": 13}, "34": {"qz": -0.018, "y": -0.22587631247748563, "qx": 0.0, "z": 1.781224786019303, "x": 0.000869897828981111, "qy": 0.0, "_w": 2}, "25": {"qz": -0.018, "y": 0.6442695729660382, "qx": 0.0, "z": 1.2498104652612594, "x": -0.001633541192089062, "qy": 0.0, "_w": 6}, "6": {"qz": -0.018, "y": 0.8786521153967976, "qx": 0.0, "z": 0.5774779519286644, "x": -0.0023078676612416677, "qy": 0.0, "_w": 12}, "32": {"qz": -0.018, "y": 0.6929997871584774, "qx": 0.0, "z": 1.1417278844130798, "x": -0.00177373965967393, "qy": 0.0, "_w": 7}, "28": {"qz": -0.018, "y": -0.5317506002675246, "qx": 0.0, "z": 1.496038597701999, "x": 0.0017499084575498206, "qy": 0.0, "_w": 5}, "19": {"qz": -0.018, "y": 0.8468974871880504, "qx": 0.0, "z": 0.6938116412101637, "x": -0.0022165085263112835, "qy": 0.0, "_w": 11}, "4": {"qz": -0.018, "y": 0.5242334014234538, "qx": 0.0, "z": 1.4626783080476367, "x": -0.0012881930834481659, "qy": 0.0, "_w": 4}, "12": {"qz": -0.018, "y": 0.9366832032658318, "qx": 0.0, "z": 0.33995778816028643, "x": -0.0024748250556703533, "qy": 0.0, "_w": 14}, "2": {"qz": -0.018, "y": 0.9633601413812238, "qx": 0.0, "z": 0.21908875886578114, "x": -0.002551575505173089, "qy": 0.0, "_w": 15}, "27": {"qz": -0.018, "y": -0.343020576508273, "qx": 0.0, "z": 1.7023747455894556, "x": 0.001206925822304024, "qy": 0.0, "_w": 3}, "5": {"qz": -0.018, "y": -0.9929196859997926, "qx": 0.0, "z": 0.2456306650679539, "x": 0.0030767074505082814, "qy": 0.0, "_w": 16}, "0": {"qz": -0.018, "y": 0.7366384081690863, "qx": 0.0, "z": 1.0323220712736931, "x": -0.0018992894421773164, "qy": 0.0, "_w": 8}, "8": {"qz": -0.018, "y": 0.2440022994877633, "qx": 0.0, "z": 1.7504037339417329, "x": -0.0004819587643078569, "qy": 0.0, "_w": 1}, "11": {"qz": -0.018, "y": -0.8010979793499338, "qx": 0.0, "z": 0.9464416024041269, "x": 0.0025248299394507404, "qy": 0.0, "_w": 10}, "26": {"qz": -0.018, "y": -0.8738151122456752, "qx": 0.0, "z": 0.7192099969449373, "x": 0.0027340395800833053, "qy": 0.0, "_w": 12}, "15": {"qz": -0.018, "y": -0.4461832458594288, "qx": 0.0, "z": 1.6031105835446227, "x": 0.0015037282967992113, "qy": 0.0, "_w": 4}}, "edge": {"21": {"28": {"length": -0.12983347534783926, "type": "trail", "force": -0.11434452696023044}}, "10": {"8": {"length": -0.14055134448335166, "type": "trail", "force": -0.06915161919861273}}, "14": {"17": {"length": -0.12160140214175018, "type": "trail", "force": -0.2478549377542273}}, "13": {"21": {"length": -0.12461457049812612, "type": "trail", "force": -0.12981273343236788}}, "31": {"18": {"length": -0.11857806598209317, "type": "trail", "force": -0.20193036472747913}}, "3": {"11": {"length": -0.11896734573305794, "type": "trail", "force": -0.19605623025774904}}, "1": {"10": {"force": -0.06342413856895557, "type": "deviation", "length": 0.1281073262267757}}, "9": {"14": {"length": -0.12265459042194746, "type": "trail", "force": -0.2653163113805406}}, "30": {"4": {"length": -0.12918940487154568, "type": "trail", "force": -0.10463231666897925}}, "22": {"24": {"length": -0.11938439120233915, "type": "trail", "force": -0.16232281291313078}}, "20": {"1": {"length": -0.1, "type": "trail", "force": -0.06254035711952889}}, "23": {"5": {"length": -0.12435938522853575, "type": "trail", "force": -0.30042985024032526}}, "24": {"13": {"length": -0.12141303179487387, "type": "trail", "force": -0.14586302025053208}}, "16": {}, "29": {"30": {"length": -0.1352664606540459, "type": "trail", "force": -0.09079976105112657}}, "33": {"25": {"length": -0.12052014714967936, "type": "trail", "force": -0.13527221392684194}}, "7": {"12": {"length": -0.12277638696936602, "type": "trail", "force": -0.2713322180229915}}, "18": {"19": {"length": -0.11951095426758032, "type": "trail", "force": -0.21912370315314728}}, "17": {"26": {"length": -0.1205731421318189, "type": "trail", "force": -0.2304764527098761}}, "34": {"20": {"length": -0.12642712491461167, "type": "trail", "force": -0.06669311196864591}}, "25": {"32": {"length": -0.11856010169384391, "type": "trail", "force": -0.15147903137149102}}, "6": {"7": {"length": -0.12173827627453979, "type": "trail", "force": -0.25384610978445254}}, "32": {"0": {"length": -0.1177878472302888, "type": "trail",