{"attributes": {"name": "Network"}, "node_attributes": {"x": 0.0, "y": 0.0, "z": 0.0, "qx": 0.0, "qy": 0.0, "qz": 0.0, "rx": 0.0, "ry": 0.0, "rz": 0.0, "type": null, "_w": null}, "edge_attributes": {"type": null, "length": 0.0, "force": 0.0}, "node": {"21": {"qz": -0.018, "y": -0.6146091155885812, "qx": 0.0, "z": 1.3666053515769558, "x": 0.001988295197006669, "qy": 0.0, "_w": 6}, "10": {"qz": -0.018, "y": 0.11745731782454467, "qx": 0.0, "z": 1.8115667579180605, "x": -0.0001178845897171956, "qy": 0.0, "type": "root", "_w": 0}, "14": {"qz": -0.018, "y": -0.9384604835016072, "qx": 0.0, "z": 0.4784013683400068, "x": 0.0029200264906013938, "qy": 0.0, "_w": 14}, "13": {"qz": -0.018, "y": -0.6729075625751537, "qx": 0.0, "z": 1.2580016696446579, "x": 0.0021560217926218234, "qy": 0.0, "_w": 7}, "31": {"qz": -0.018, "y": 0.7856694474487423, "qx": 0.0, "z": 0.8962654777336627, "x": -0.0020403533936706347, "qy": 0.0, "_w": 9}, "3": {"qz": -0.018, "y": -0.8435449612279539, "qx": 0.0, "z": 0.8213586350845037, "x": 0.0026469513360323376, "qy": 0.0, "_w": 11}, "1": {"qz": -0.018, "y": -0.00829953672787523, "qx": 0.0, "z": 1.8359915334945582, "x": 0.0002439221166296423, "qy": 0.0, "type": "root", "_w": 0}, "9": {"qz": -0.018, "y": -0.9664630808172749, "qx": 0.0, "z": 0.36040182190559494, "x": 0.0030005909062747788, "qy": 0.0, "_w": 15}, "30": {"qz": -0.018, "y": 0.45228268423433327, "qx": 0.0, "z": 1.5535193089709591, "x": -0.0010811884466183116, "qy": 0.0, "_w": 3}, "22": {"qz": -0.018, "y": -0.767132689011124, "qx": 0.0, "z": 1.0418029771664492, "x": 0.002427110655111639, "qy": 0.0, "_w": 9}, "20": {"qz": -0.018, "y": -0.10780627878696468, "qx": 0.0, "z": 1.8260755702980311, "x": 0.00053020636516495, "qy": 0.0, "_w": 1}, "23": {"y": -1.0182705039076083, "z": 0.11944704697972222, "x": 0.0031496426075068363, "type": "support", "_w": 17, "rx": -0.0001762208081016551, "ry": 0.06125086723048638, "rz": 0.2941037205383752}, "24": {"qz": -0.018, "y": -0.7229733757890673, "qx": 0.0, "z": 1.1500214810140321, "x": 0.002300062823577726, "qy": 0.0, "_w": 8}, "16": {"y": 0.9913253067859596, "z": 0.08461491880664859, "x": -0.002632032227977924, "type": "support", "_w": 16, "rx": 0.0001762208081016551, "ry": -0.06125086723048638, "rz": 0.2998962794616247}, "29": {"qz": -0.018, "y": 0.35037493189775004, "qx": 0.0, "z": 1.6631559889220817, "x": -0.0007879964106427351, "qy": 0.0, "_w": 2}, "33": {"qz": -0.018, "y": 0.6015140259661499, "qx": 0.0, "z": 1.3295019252542088, "x": -0.0015105320432586193, "qy": 0.0, "_w": 5}, "7": {"qz": -0.018, "y": 0.9130404634475199, "qx": 0.0, "z": 0.4441532178020752, "x": -0.002406804096867563, "qy": 0.0, "_w": 13}, "18": {"qz": -0.018, "y": 0.8208687786679889, "qx": 0.0, "z": 0.7859875175034302, "x": -0.0021416230551882776, "qy": 0.0, "_w": 10}, "17": {"qz": -0.018, "y": -0.9088360248436208, "qx": 0.0, "z": 0.5945294015309797, "x": 0.0028347959252178877, "qy": 0.0, "_w": 13}, "34": {"qz": -0.018, "y": -0.22508616596799808, "qx": 0.0, "z": 1.779923054371256, "x": 0.0008676245508592415, "qy": 0.0, "_w": 2}, "25": {"qz": -0.018, "y": 0.6571253854499396, "qx": 0.0, "z": 1.2206447710718975, "x": -0.0016705277976205653, "qy": 0.0, "_w": 6}, "6": {"qz": -0.018, "y": 0.8841434061207266, "qx": 0.0, "z": 0.5601626590612355, "x": -0.0023236662896145613, "qy": 0.0, "_w": 12}, "32": {"qz": -0.018, "y": 0.7049625141253496, "qx": 0.0, "z": 1.1129473234644496, "x": -0.0018081568280916278, "qy": 0.0, "_w": 7}, "28": {"qz": -0.018, "y": -0.5440509248194526, "qx": 0.0, "z": 1.4773124313943442, "x": 0.0017852969055908389, "qy": 0.0, "_w": 5}, "19": {"qz": -0.018, "y": 0.8535400986131587, "qx": 0.0, "z": 0.6740284741190078, "x": -0.0022356195431207774, "qy": 0.0, "_w": 11}, "4": {"qz": -0.018, "y": 0.5347748772444902, "qx": 0.0, "z": 1.4405284503739768, "x": -0.0013185212644480672, "qy": 0.0, "_w": 4}, "12": {"qz": -0.018, "y": 0.9404292776527069, "qx": 0.0, "z": 0.32614988994034255, "x": -0.002485602637858373, "qy": 0.0, "_w": 14}, "2": {"qz": -0.018, "y": 0.9665016847640232, "qx": 0.0, "z": 0.20615624913796876, "x": -0.002560613831300295, "qy": 0.0, "_w": 15}, "27": {"qz": -0.018, "y": -0.3486979959618792, "qx": 0.0, "z": 1.6949525359014526, "x": 0.0012232599493014714, "qy": 0.0, "_w": 3}, "5": {"qz": -0.018, "y": -0.993022356085963, "qx": 0.0, "z": 0.2406791951402762, "x": 0.0030770028358043738, "qy": 0.0, "_w": 16}, "0": {"qz": -0.018, "y": 0.747333873435476, "qx": 0.0, "z": 1.0051033439282282, "x": -0.0019300606559982416, "qy": 0.0, "_w": 8}, "8": {"qz": -0.018, "y": 0.23221280825999047, "qx": 0.0, "z": 1.7555551067049606, "x": -0.00044804000094655314, "qy": 0.0, "_w": 1}, "11": {"qz": -0.018, "y": -0.8070327459983464, "qx": 0.0, "z": 0.9322968047231169, "x": 0.0025419044629957305, "qy": 0.0, "_w": 10}, "26": {"qz": -0.018, "y": -0.8773172322594808, "qx": 0.0, "z": 0.70882069921126, "x": 0.0027441152973230213, "qy": 0.0, "_w": 12}, "15": {"qz": -0.018, "y": -0.45576163022026506, "qx": 0.0, "z": 1.589894060091236, "x": 0.001531285631228832, "qy": 0.0, "_w": 4}}, "edge": {"21": {"28": {"length": -0.13128045176115385, "type": "trail", "force": -0.11396326114839819}}, "10": {"8": {"length": -0.1276958756549843, "type": "trail", "force": -0.06815781184800056}}, "14": {"17": {"length": -0.11984713558459259, "type": "trail", "force": -0.2477932533517207}}, "13": {"21": {"length": -0.12326190320820464, "type": "trail", "force": -0.12950428112985113}}, "31": {"18": {"length": -0.11575936975626343, "type": "trail", "force": -0.20143455974949745}}, "3": {"11": {"length": -0.11679225307606851, "type": "trail", "force": -0.19592420623415968}}, "1": {"10": {"force": -0.06239568298599634, "type": "deviation", "length": 0.1281073262267757}}, "9": {"14": {"length": -0.12127672862414883, "type": "trail", "force": -0.26527199314290895}}, "30": {"4": {"length": -0.13989979399904298, "type": "trail", "force": -0.10387629901841383}}, "22": {"24": {"length": -0.11688158820107002, "type": "trail", "force": -0.16211979123389755}}, "20": {"1": {"length": -0.1, "type": "trail", "force": -0.06155448963861582}}, "23": {"5": {"length": -0.12383338803643626, "type": "trail", "force": -0.3004142110899126}}, "24": {"13": {"length": -0.11902238250553797, "type": "trail", "force": -0.14561281801524556}}, "16": {}, "29": {"30": {"length": -0.14968459352441457, "type": "trail", "force": -0.08996676851562709}}, "33": {"25": {"length": -0.122239637266102, "type": "trail", "force": -0.13463587047663006}}, "7": {"12": {"length": -0.12114016154529379, "type": "trail", "force": -0.2709113251673835}}, "18": {"19": {"length": -0.11662869020037214, "type": "trail", "force": -0.2186507441608474}}, "17": {"26": {"length": -0.11855776328178919, "type": "trail", "force": -0.23039479696218954}}, "34": {"20": {"length": -0.12603467980916672, "type": "trail", "force": -0.06582316563377949}}, "25": {"32": {"length": -0.11784375266774531, "type": "trail", "force": -0.15088765250880667}}, "6": {"7": {"length": -0.11955432779830907, "type": "trail", "force": -0.25341010248869184}}, "32": {"0": {"length": -0.11586919725509455, "type": "trail", "force": -0.16749731263586556}}, "28": {"15": {"length": -0.14307231452169358, "type": "trail", "force": -0.09925669222876861}}, "19": {"6": {"length": -0.11790671745665349, "type": "trail", "force": -0.2359839273821648}}, "4": {"33": {"length": -0.12954165399747475, "type": "trail", "force": -0.1188888201572436}}, "12": {"2": {"length": -0.1227935253678567, "type": "trail", "force": -0.28847393671624183}}, "2": {"16": {"length": -0.12405044252070381, "type": "trail", "force": -0.3060873702477526}}, "27": {"34": {"length": -0.15, "type": "trail", "force": -0.07432646280722283}}, "5": {"9": {"length": -0.1226332267420569, "type": "trail", "force": -0.28281613158621816}}, "0": {"31": {"length": -0.11539198203168514, "type": "trail", "force": -0.18436815289212877}}, "8": {"29": {"length": -0.15, "type": "trail", "force": -0.07775444280892209}},