{"attributes": {"name": "Network"}, "node_attributes": {"x": 0.0, "y": 0.0, "z": 0.0, "qx": 0.0, "qy": 0.0, "qz": 0.0, "type": null, "_w": null}, "edge_attributes": {"type": null, "length": 0.0, "force": 0.0}, "node": {"21": {"qz": -0.018, "y": -0.6049344173921224, "qx": 0.0, "z": 1.4407852457976238, "x": 0.0019604607644278754, "qy": 0.0, "_w": 6}, "10": {"qz": -0.018, "y": 0.11745731782454467, "qx": 0.0, "z": 1.8115667579180605, "x": -0.0001178845897171956, "qy": 0.0, "type": "root", "_w": 0}, "14": {"qz": -0.018, "y": -0.9739367316545933, "qx": 0.0, "z": 0.5152327417329743, "x": 0.0030220928514646484, "qy": 0.0, "_w": 14}, "13": {"qz": -0.018, "y": -0.6684964513695525, "qx": 0.0, "z": 1.3331523772342806, "x": 0.0021433308771062563, "qy": 0.0, "_w": 7}, "31": {"qz": -0.018, "y": 0.7731046688803599, "qx": 0.0, "z": 0.9393895118018107, "x": -0.002004204102516816, "qy": 0.0, "_w": 9}, "3": {"qz": -0.018, "y": -0.8651373939958664, "qx": 0.0, "z": 0.8740354510846732, "x": 0.0027090734923917556, "qy": 0.0, "_w": 11}, "1": {"qz": -0.018, "y": -0.00829953672787523, "qx": 0.0, "z": 1.8359915334945582, "x": 0.0002439221166296423, "qy": 0.0, "type": "root", "_w": 0}, "9": {"qz": -0.018, "y": -1.005357094529537, "qx": 0.0, "z": 0.3942461613816424, "x": 0.0031124902937708027, "qy": 0.0, "_w": 15}, "30": {"qz": -0.018, "y": 0.4198893888784445, "qx": 0.0, "z": 1.596504725264719, "x": -0.0009879918447937243, "qy": 0.0, "_w": 3}, "22": {"qz": -0.018, "y": -0.7763320824897724, "qx": 0.0, "z": 1.107692312003301, "x": 0.0024535776200078625, "qy": 0.0, "_w": 9}, "20": {"qz": -0.018, "y": -0.13294491779769602, "qx": 0.0, "z": 1.8265893859966094, "x": 0.0006025310763298874, "qy": 0.0, "_w": 1}, "23": {"y": -1.0626025906143148, "z": 0.15089495831714678, "x": 0.0032771875141755233, "type": "support", "_w": 17}, "24": {"qz": -0.018, "y": -0.7252361622634651, "qx": 0.0, "z": 1.221772044321754, "x": 0.0023065729364807708, "qy": 0.0, "_w": 8}, "16": {"y": 1.0055846388406735, "z": 0.09650042261810196, "x": -0.002673056806588638, "type": "support", "_w": 16}, "29": {"qz": -0.018, "y": 0.33164175503918814, "qx": 0.0, "z": 1.6850331989944856, "x": -0.0007341004298412762, "qy": 0.0, "_w": 2}, "33": {"qz": -0.018, "y": 0.5651111566267315, "qx": 0.0, "z": 1.3933252963081302, "x": -0.0014057997620311239, "qy": 0.0, "_w": 5}, "7": {"qz": -0.018, "y": 0.9192809481201247, "qx": 0.0, "z": 0.4614079574787837, "x": -0.002424758181465487, "qy": 0.0, "_w": 13}, "18": {"qz": -0.018, "y": 0.8139698828192553, "qx": 0.0, "z": 0.8212581422724472, "x": -0.0021217746994597253, "qy": 0.0, "_w": 10}, "17": {"qz": -0.018, "y": -0.9403159103165311, "qx": 0.0, "z": 0.6356263919650467, "x": 0.00292536461604326, "qy": 0.0, "_w": 13}, "34": {"qz": -0.018, "y": -0.2511067421812009, "qx": 0.0, "z": 1.7858135636433246, "x": 0.0009424866250614991, "qy": 0.0, "_w": 2}, "25": {"qz": -0.018, "y": 0.6255048958432621, "qx": 0.0, "z": 1.2838832291095088, "x": -0.0015795545839664528, "qy": 0.0, "_w": 6}, "6": {"qz": -0.018, "y": 0.8866649990660206, "qx": 0.0, "z": 0.5820777178244602, "x": -0.002330920997451611, "qy": 0.0, "_w": 12}, "32": {"qz": -0.018, "y": 0.6796286955202716, "qx": 0.0, "z": 1.1712085200526314, "x": -0.0017352705786596266, "qy": 0.0, "_w": 7}, "28": {"qz": -0.018, "y": -0.5330873238600167, "qx": 0.0, "z": 1.5430738200540302, "x": 0.0017537542563495516, "qy": 0.0, "_w": 5}, "19": {"qz": -0.018, "y": 0.8516790374047514, "qx": 0.0, "z": 0.702081769235436, "x": -0.0022302652073390794, "qy": 0.0, "_w": 11}, "4": {"qz": -0.018, "y": 0.49711288926903285, "qx": 0.0, "z": 1.4982118891785285, "x": -0.0012101664564944817, "qy": 0.0, "_w": 4}, "12": {"qz": -0.018, "y": 0.9498179273899888, "qx": 0.0, "z": 0.34019539551258493, "x": -0.0025126140993852997, "qy": 0.0, "_w": 14}, "2": {"qz": -0.018, "y": 0.9785180708730002, "qx": 0.0, "z": 0.21853482282760056, "x": -0.0025951853788771994, "qy": 0.0, "_w": 15}, "27": {"qz": -0.018, "y": -0.35759443621420406, "qx": 0.0, "z": 1.7203515352775316, "x": 0.0012488553075613532, "qy": 0.0, "_w": 3}, "5": {"qz": -0.018, "y": -1.0348392754628069, "qx": 0.0, "z": 0.2727727329588911, "x": 0.0031973115213480368, "qy": 0.0, "_w": 16}, "0": {"qz": -0.018, "y": 0.7285475133726003, "qx": 0.0, "z": 1.0561783959464774, "x": -0.0018760116653266305, "qy": 0.0, "_w": 8}, "8": {"qz": -0.018, "y": 0.23085080789547407, "qx": 0.0, "z": 1.7589662828344128, "x": -0.0004441214800223242, "qy": 0.0, "_w": 1}, "11": {"qz": -0.018, "y": -0.822718910988207, "qx": 0.0, "z": 0.9916180067879437, "x": 0.0025870340880200975, "qy": 0.0, "_w": 10}, "26": {"qz": -0.018, "y": -0.9041780702525942, "qx": 0.0, "z": 0.7552886069946771, "x": 0.0028213948329681615, "qy": 0.0, "_w": 12}, "15": {"qz": -0.018, "y": -0.4512291982385237, "qx": 0.0, "z": 1.6375417606764575, "x": 0.0015182456717539282, "qy": 0.0, "_w": 4}}, "edge": {"21": {"28": {"length": -0.125, "type": "trail", "force": -0.1161361489585824}}, "10": {"8": {"length": -0.125, "type": "trail", "force": -0.07358486586369732}}, "14": {"17": {"length": -0.125, "type": "trail", "force": -0.24818087198957012}}, "13": {"21": {"length": -0.125, "type": "trail", "force": -0.13127403631621798}}, "31": {"18": {"length": -0.125, "type": "trail", "force": -0.20418453624548372}}, "3": {"11": {"length": -0.125, "type": "trail", "force": -0.19670775956743136}}, "1": {"10": {"force": -0.068, "type": "deviation", "length": 0.1281073262267757}}, "9": {"14": {"length": -0.125, "type": "trail", "force": -0.26556169290265697}}, "30": {"4": {"length": -0.125, "type": "trail", "force": -0.10805058971015988}}, "22": {"24": {"length": -0.125, "type": "trail", "force": -0.16330158493534305}}, "20": {"1": {"length": -0.125, "type": "trail", "force": -0.06694227002292105}}, "23": {"5": {"length": -0.125, "type": "trail", "force": -0.3005420898459456}}, "24": {"13": {"length": -0.125, "type": "trail", "force": -0.147058288194081}}, "16": {}, "29": {"30": {"length": -0.125, "type": "trail", "force": -0.09455261737537984}}, "33": {"25": {"length": -0.125, "type": "trail", "force": -0.13816075747139622}}, "7": {"12": {"length": -0.125, "type": "trail", "force": -0.27324394737760715}}, "18": {"19": {"length": -0.125, "type": "trail", "force": -0.22127371584976283}}, "17": {"26": {"length": -0.125, "type": "trail", "force": -0.2308949495023261}}, "34": {"20": {"length": -0.125, "type": "trail", "force": -0.07061540222673342}}, "25": {"32": {"length": -0.125, "type": "trail", "force": -0.15416590864795074}}, "6": {"7": {"length": -0.125, "type": "trail", "force": -0.25582713361627263}}, "32": {"0": {"length": -0.125, "type": "trail", "force": -0.170569223113159}}, "28": {"15": {"length": -0.125, "type": "trail", "force": -0.1019330053471807}}, "19": {"6": {"length": -0.125, "type": "trail", "force": -0.23849693878567896}}, "4": {"33": {"length": -0.125, "type": "trail", "force": -0.12270966718597047}}, "12": {"2": {"length": -0.125, "type": "trail", "force": -0.29073181329650677}}, "2": {"16": {"length": -0.125, "type": "trail", "force": -0.30827863978364317}}, "27": {"34": {"length": -0.125, "type": "trail", "force": -0.07835689215037195}}, "5": {"9": {"length": -0.125, "type": "trail", "force": -0.2830199290741674}}, "0": {"31": {"length": -0.125, "type": "trail", "force": -0.1872661003962141}}, "8": {"29": {"length": -0.125, "type": "trail", "force": -0.08278565677915864}}, "11": {"22": {"length": -0.125, "type": "trail", "force": -0.17987961295882515}}, "26": {"3": {"length": -0.125, "type": "trail", "force": -0.21372695241793926}}, "15": {"27": {"length": -0.125, "type": "trail", "force": -0.08911268183197436}}}, "adjacency": {"21": {"13": null, "28": null}, "10": {"1": null, "8": null}, "14": {"9": null, "17": null}, "13": {"24": null, "21": null}, "31": {"0": null, "18": null}, "3": {"11": null, "26": null}, "1": {"10": null, "20": null}, "9": {"14": null, "5": null}, "30": {"29": null, "4": null}, "22": {"11": null, "24": null}, "20": {"1": null, "34": null}, "23": {"5": null},