{"attributes": {"name": "Network"}, "node_attributes": {"x": 0.0, "y": 0.0, "z": 0.0, "qx": 0.0, "qy": 0.0, "qz": 0.0, "type": null, "_w": null}, "edge_attributes": {"type": null, "length": 0.0, "force": 0.0}, "node": {"21": {"qz": -0.018, "y": 0.9556297912453653, "qx": 0.0, "z": 0.27646609917790155, "x": 3.6080577296463495e-05, "qy": 0.0, "_w": 14}, "10": {"qz": -0.018, "y": -0.8049089832962568, "qx": 0.0, "z": 0.9336848228454333, "x": 0.0006616363394189906, "qy": 0.0, "_w": 10}, "14": {"qz": -0.018, "y": -0.008207053226591902, "qx": 0.0, "z": 1.8215176646849787, "x": 0.0003785517006390368, "qy": 0.0, "type": "root", "_w": 0}, "13": {"qz": -0.018, "y": 0.6956025105754174, "qx": 0.0, "z": 1.1254469097770423, "x": 0.00012847363678729373, "qy": 0.0, "_w": 7}, "31": {"qz": -0.018, "y": 0.7858769530875522, "qx": 0.0, "z": 0.8880754410911205, "x": 9.639726420040322e-05, "qy": 0.0, "_w": 9}, "3": {"qz": -0.018, "y": -0.7121061878203809, "qx": 0.0, "z": 1.1700740040714743, "x": 0.000628661590841739, "qy": 0.0, "_w": 8}, "1": {"qz": -0.018, "y": 0.9862640898976048, "qx": 0.0, "z": 0.13828333487226252, "x": 2.5195578728067725e-05, "qy": 0.0, "_w": 15}, "9": {"qz": -0.018, "y": 0.11273602208299548, "qx": 0.0, "z": 1.7991174261163443, "x": 0.0003355781298533384, "qy": 0.0, "type": "root", "_w": 0}, "30": {"qz": -0.018, "y": 0.2532538460544684, "qx": 0.0, "z": 1.7325709604768778, "x": 0.0002856492468674126, "qy": 0.0, "_w": 1}, "22": {"qz": -0.018, "y": -0.5971480318486159, "qx": 0.0, "z": 1.3964468697658379, "x": 0.0005878145854187308, "qy": 0.0, "_w": 6}, "20": {"qz": -0.018, "y": 0.8614782875134197, "qx": 0.0, "z": 0.6456090629137997, "x": 6.953454975290866e-05, "qy": 0.0, "_w": 11}, "23": {"qz": -0.018, "y": -0.760777907244301, "qx": 0.0, "z": 1.0527707073179966, "x": 0.0006459556572822646, "qy": 0.0, "_w": 9}, "24": {"qz": -0.018, "y": -0.8452292298542481, "qx": 0.0, "z": 0.8132552686975794, "x": 0.000675962955185303, "qy": 0.0, "_w": 11}, "16": {"qz": -0.018, "y": -0.8823154273516679, "qx": 0.0, "z": 0.691790813890685, "x": 0.0006891404465732819, "qy": 0.0, "_w": 12}, "29": {"qz": -0.018, "y": 0.6431243406719357, "qx": 0.0, "z": 1.2410974235497294, "x": 0.00014712021364403756, "qy": 0.0, "_w": 6}, "33": {"qz": -0.018, "y": -0.2527958206074041, "qx": 0.0, "z": 1.7621852823415907, "x": 0.0004654591377247948, "qy": 0.0, "_w": 2}, "7": {"y": 1.0189405877447781, "z": -0.01853404889012336, "x": 1.358494463703181e-05, "type": "support", "_w": 16}, "18": {"qz": -0.018, "y": 0.8252238436154988, "qx": 0.0, "z": 0.7673243665190072, "x": 8.241650192053251e-05, "qy": 0.0, "_w": 10}, "17": {"qz": -0.018, "y": -0.13453670154275135, "qx": 0.0, "z": 1.8084862433724356, "x": 0.0004234392319867411, "qy": 0.0, "_w": 1}, "34": {"qz": -0.018, "y": 0.4418440379474624, "qx": 0.0, "z": 1.5636221320281123, "x": 0.0002186392593997004, "qy": 0.0, "_w": 3}, "25": {"qz": -0.018, "y": -1.0063305122248416, "qx": 0.0, "z": 0.19925755467647302, "x": 0.0007332055657597234, "qy": 0.0, "_w": 16}, "6": {"qz": -0.018, "y": -0.5281404992915183, "qx": 0.0, "z": 1.5030628153329082, "x": 0.0005632947848638186, "qy": 0.0, "_w": 5}, "32": {"qz": -0.018, "y": 0.8950736563870187, "qx": 0.0, "z": 0.5231331426365804, "x": 5.759742182172557e-05, "qy": 0.0, "_w": 12}, "28": {"qz": -0.018, "y": -0.9783579241895678, "qx": 0.0, "z": 0.3231386840700187, "x": 0.0007232663279082304, "qy": 0.0, "_w": 15}, "19": {"qz": -0.018, "y": -0.6579616428899173, "qx": 0.0, "z": 1.2849538016171977, "x": 0.0006094229165458138, "qy": 0.0, "_w": 7}, "4": {"qz": -0.018, "y": 0.3542715931209758, "qx": 0.0, "z": 1.6556007487761806, "x": 0.00024975555644270577, "qy": 0.0, "_w": 2}, "12": {"qz": -0.018, "y": -0.4490599735203885, "qx": 0.0, "z": 1.6024372066729868, "x": 0.0005351958419247804, "qy": 0.0, "_w": 4}, "2": {"qz": -0.018, "y": 0.5843483170361742, "qx": 0.0, "z": 1.3536779663154, "x": 0.00016800454791243412, "qy": 0.0, "_w": 5}, "27": {"qz": -0.018, "y": 0.5178487727001304, "qx": 0.0, "z": 1.4618759794431138, "x": 0.0001916332084903674, "qy": 0.0, "_w": 4}, "5": {"qz": -0.018, "y": 0.9263614222835151, "qx": 0.0, "z": 0.40004749935673173, "x": 4.648023285462096e-05, "qy": 0.0, "_w": 13}, "0": {"qz": -0.018, "y": 0.7428971123459557, "qx": 0.0, "z": 1.0075816461877785, "x": 0.00011166888867116468, "qy": 0.0, "_w": 8}, "8": {"qz": -0.018, "y": -0.3578209292246534, "qx": 0.0, "z": 1.690779924227983, "x": 0.0005027767264158874, "qy": 0.0, "_w": 3}, "11": {"qz": -0.018, "y": -0.9485411488027417, "qx": 0.0, "z": 0.446588916120379, "x": 0.000712671812228791, "qy": 0.0, "_w": 14}, "26": {"y": -1.032668880479554, "z": 0.0750187110320781, "x": 0.0007425641315947361, "type": "support", "_w": 17}, "15": {"qz": -0.018, "y": -0.9166285230461879, "qx": 0.0, "z": 0.5695140323039497, "x": 0.0007013325976570076, "qy": 0.0, "_w": 13}}, "edge": {"21": {"5": {"length": -0.127, "type": "trail", "force": -0.27085189859897923}}, "10": {}, "14": {"9": {"force": -0.06348202742281435, "type": "deviation", "length": 0.12300000000000018}}, "13": {"29": {"length": -0.127, "type": "trail", "force": -0.15106078045009355}}, "31": {"18": {"length": -0.127, "type": "trail", "force": -0.20147445441926404}}, "3": {}, "1": {"21": {"length": -0.14153775723652534, "type": "trail", "force": -0.2883972083298565}, "7": {"length": -0.160185659459399, "type": "trail", "force": -0.30599534076557044}}, "9": {}, "30": {"9": {"length": -0.15547891637027805, "type": "trail", "force": -0.06906639272101786}, "4": {"length": -0.127, "type": "trail", "force": -0.07847525343238329}}, "22": {"19": {"length": -0.127, "type": "trail", "force": -0.130355576103328}}, "20": {"18": {"length": -0.127, "type": "trail", "force": -0.21865990620441375}}, "23": {"10": {"length": -0.127, "type": "trail", "force": -0.1796329029656922}, "3": {"length": -0.127, "type": "trail", "force": -0.16287473292584306}}, "24": {"10": {"length": -0.127, "type": "trail", "force": -0.19661073477839114}, "16": {"length": -0.127, "type": "trail", "force": -0.2137558940294184}}, "16": {}, "29": {}, "33": {}, "7": {}, "18": {}, "17": {"14": {"length": -0.127, "type": "trail", "force": -0.0627516454599243}, "33": {"length": -0.127, "type": "trail", "force": -0.0670340973695113}}, "34": {"27": {"length": -0.127, "type": "trail", "force": -0.1043013087014857}, "4": {"length": -0.127, "type": "trail", "force": -0.09052383221594025}}, "25": {"26": {"length": -0.127, "type": "trail", "force": -0.3009827042263415}, "28": {"length": -0.127, "type": "trail", "force": -0.2833986362726262}}, "6": {"22": {"length": -0.127, "type": "trail", "force": -0.11487721714514788}}, "32": {"20": {"length": -0.127, "type": "trail", "force": -0.23596684805096227}, "5": {"length": -0.127, "type": "trail", "force": -0.25337038535884343}}, "28": {"11": {"length": -0.127, "type": "trail", "force": -0.2658702424848768}}, "19": {"3": {"length": -0.127, "type": "trail", "force": -0.14641167106295735}}, "4": {}, "12": {"6": {"length": -0.127, "type": "trail", "force": -0.10024457001152917}, "8": {"length": -0.127, "type": "trail", "force": -0.08688597478637902}}, "2": {"29": {"length": -0.127, "type": "trail", "force": -0.13487461062931175}}, "27": {"2": {"length": -0.127, "type": "trail", "force": -0.11920973867358964}}, "5": {}, "0": {"13": {"length": -0.127, "type": "trail", "force": -0.16761729680428053}, "31": {"length": -0.127, "type": "trail", "force": -0.1844444550149372}}, "8": {"33": {"length": -0.127, "type": "trail", "force": -0.07548093409836822}}, "11": {"15": {"length": -0.127, "type": "trail", "force": -0.24840930867572192}}, "26": {}, "15": {"16": {"length": -0.127, "type": "trail", "force": -0.23103113087749239}}}, "adjacency": {"21": {"1": null, "5": null}, "10": {"23": null, "24": null}, "14": {"9": null, "17": null}, "13": {"29": null, "0": null}, "31": {"0": null, "18": null}, "3": {"23": null, "19": null}, "1": {"21": null, "7": null}, "9": {"30": null, "14": null}, "30": {"9": null, "4": null}, "22": {"6": null,