{"node": {"21": {"qz": -0.017999999999999999, "y": 0.94863884454366976, "qx": 0.0, "z": 0.2913837832512931, "x": -0.0012858511475455075, "qy": 0.0}, "10": {"qz": -0.017999999999999999, "y": -0.8119414789606475, "qx": 0.0, "z": 0.91780398630235072, "x": 0.0014797421192060867, "qy": 0.0}, "14": {"qz": -0.017999999999999999, "y": -0.0082070532265919021, "qx": 0.0, "z": 1.8215176646849787, "x": 0.00037855170063903678, "qy": 0.0}, "13": {"qz": -0.017999999999999999, "y": 0.69394023574572228, "qx": 0.0, "z": 1.1337846350883616, "x": -0.00039435492463414689, "qy": 0.0}, "31": {"qz": -0.017999999999999999, "y": 0.78459770497715431, "qx": 0.0, "z": 0.89921147684482194, "x": 0.0011101133464672161, "qy": 0.0}, "3": {"qz": -0.017999999999999999, "y": -0.71861267710107424, "qx": 0.0, "z": 1.1546474318468074, "x": 0.00040816057228522092, "qy": 0.0}, "1": {"qz": -0.017999999999999999, "y": 0.97441796055918517, "qx": 0.0, "z": 0.16768756859110223, "x": 0.0022263491936756951, "qy": 0.0}, "9": {"qz": -0.017999999999999999, "y": 0.11273602208299548, "qx": 0.0, "z": 1.7991174261163443, "x": 0.00033557812985333837, "qy": 0.0}, "30": {"qz": -0.017999999999999999, "y": 0.23862208188047873, "qx": 0.0, "z": 1.7478141767733413, "x": 0.0016144636691340182, "qy": 0.0}, "22": {"qz": -0.017999999999999999, "y": -0.6058977136202307, "qx": 0.0, "z": 1.3811209718769426, "x": 0.0015366448933798367, "qy": 0.0}, "20": {"qz": -0.017999999999999999, "y": 0.85753635201634126, "qx": 0.0, "z": 0.65711081296214624, "x": -0.0001231966717422984, "qy": 0.0}, "23": {"qz": -0.017999999999999999, "y": -0.76961264709292121, "qx": 0.0, "z": 1.0355300088343786, "x": -0.0010587385322575499, "qy": 0.0}, "24": {"qz": -0.017999999999999999, "y": -0.85095106681407973, "qx": 0.0, "z": 0.79412594526011204, "x": 0.00060082251201788793, "qy": 0.0}, "16": {"qz": -0.017999999999999999, "y": -0.88587368784134657, "qx": 0.0, "z": 0.67618778518486666, "x": 0.00063145993597122068, "qy": 0.0}, "29": {"qz": -0.017999999999999999, "y": 0.64062564845026815, "qx": 0.0, "z": 1.2543551006785256, "x": -0.0018083322658815604, "qy": 0.0}, "33": {"qz": -0.017999999999999999, "y": -0.25821807016473225, "qx": 0.0, "z": 1.7565418713404963, "x": 0.0012222908722951615, "qy": 0.0}, "7": {"y": 1.0115456388897084, "z": -0.020169393812538218, "x": 0.0022501877771238911, "type": "support"}, "18": {"qz": -0.017999999999999999, "y": 0.82252890779280663, "qx": 0.0, "z": 0.78009158013329516, "x": -0.0013413219489934606, "qy": 0.0}, "17": {"qz": -0.017999999999999999, "y": -0.14160115334358711, "qx": 0.0, "z": 1.8110016787501713, "x": -0.0012507114176341717, "qy": 0.0}, "34": {"qz": -0.017999999999999999, "y": 0.43051085058985, "qx": 0.0, "z": 1.5729056795249075, "x": -0.00017576768283218298, "qy": 0.0}, "25": {"qz": -0.017999999999999999, "y": -1.0051243977167161, "qx": 0.0, "z": 0.18081117319395168, "x": 0.000753552628324973, "qy": 0.0}, "6": {"qz": -0.017999999999999999, "y": -0.53415005071346378, "qx": 0.0, "z": 1.4911918830716853, "x": -0.0016944007782202562, "qy": 0.0}, "32": {"qz": -0.017999999999999999, "y": 0.88911663796698626, "qx": 0.0, "z": 0.53823404862670066, "x": -0.0001441826306840949, "qy": 0.0}, "28": {"qz": -0.017999999999999999, "y": -0.97939962922719515, "qx": 0.0, "z": 0.30109099593383004, "x": 0.00073057820708367644, "qy": 0.0}, "19": {"qz": -0.017999999999999999, "y": -0.66657779480368395, "qx": 0.0, "z": 1.2660986365249425, "x": 0.00040845942317900504, "qy": 0.0}, "4": {"qz": -0.017999999999999999, "y": 0.34132530751241025, "qx": 0.0, "z": 1.6689656158622745, "x": -0.0010626401013893131, "qy": 0.0}, "12": {"qz": -0.017999999999999999, "y": -0.44893548623788299, "qx": 0.0, "z": 1.5897627601517463, "x": 0.00014793007406734487, "qy": 0.0}, "2": {"qz": -0.017999999999999999, "y": 0.57923910290427472, "qx": 0.0, "z": 1.3688663076630359, "x": 0.0013280533590842012, "qy": 0.0}, "27": {"qz": -0.017999999999999999, "y": 0.50634129593897836, "qx": 0.0, "z": 1.4760618696860486, "x": -0.00031737999806289471, "qy": 0.0}, "5": {"qz": -0.017999999999999999, "y": 0.92085236842205631, "qx": 0.0, "z": 0.41369718329974098, "x": 0.0010761154971481589, "qy": 0.0}, "0": {"qz": -0.017999999999999999, "y": 0.73991575449839753, "qx": 0.0, "z": 1.0197002426215922, "x": -0.0004497707225561616, "qy": 0.0}, "8": {"qz": -0.017999999999999999, "y": -0.36099471311285458, "qx": 0.0, "z": 1.6757592447799405, "x": -1.0353737869669686e-05, "qy": 0.0}, "11": {"qz": -0.017999999999999999, "y": -0.95147650956219121, "qx": 0.0, "z": 0.42625965151681555, "x": 0.0016443085400356097, "qy": 0.0}, "26": {"y": -1.0193495744401704, "z": 0.11380549881236897, "x": 0.00082530029090880134, "type": "support"}, "15": {"qz": -0.017999999999999999, "y": -0.92053461925990687, "qx": 0.0, "z": 0.55155877529348118, "x": -0.00073993130967929229, "qy": 0.0}}, "adjacency": {"21": {"1": null, "5": null}, "10": {"23": null, "24": null}, "14": {"9": null, "17": null}, "13": {"29": null, "0": null}, "31": {"0": null, "18": null}, "3": {"23": null, "19": null}, "1": {"21": null, "7": null}, "9": {"30": null, "14": null}, "30": {"9": null, "4": null}, "22": {"6": null, "19": null}, "20": {"32": null, "18": null}, "23": {"10": null, "3": null}, "24": {"10": null, "16": null}, "16": {"24": null, "15": null}, "29": {"2": null, "13": null}, "33": {"8": null, "17": null}, "7": {"1": null}, "18": {"20": null, "31": null}, "17": {"14": null, "33": null}, "34": {"27": null, "4": null}, "25": {"26": null, "28": null}, "6": {"22": null, "12": null}, "32": {"20": null, "5": null}, "28": {"11": null, "25": null}, "19": {"22": null, "3": null}, "4": {"30": null, "34": null}, "12": {"6": null, "8": null}, "2": {"29": null, "27": null}, "27": {"2": null, "34": null}, "5": {"32": null, "21": null}, "0": {"13": null, "31": null}, "8": {"33": null, "12": null}, "11": {"15": null, "28": null}, "26": {"25": null}, "15": {"11": null, "16": null}}, "max_int_key": 34, "edge": {"21": {"5": {"length": -0.152, "type": "trail"}}, "10": {}, "14": {"9": {"force": -0.079000000000000001, "type": "deviation"}}, "13": {"29": {"length": -0.152, "type": "trail"}}, "31": {"18": {"length": -0.152, "type": "trail"}}, "3": {}, "1": {"21": {"length": -0.152, "type": "trail"}, "7": {"length": -0.152, "type": "trail"}}, "9": {}, "30": {"9": {"length": -0.152, "type": "trail"}, "4": {"length": -0.152, "type": "trail"}}, "22": {"19": {"length": -0.152, "type": "trail"}}, "20": {"18": {"length": -0.152, "type": "trail"}}, "23": {"10": {"length": -0.152, "type": "trail"}, "3": {"length": -0.152, "type": "trail"}}, "24": {"10": {"length": -0.152, "type": "trail"}, "16": {"length": -0.152, "type": "trail"}}, "16": {}, "29": {}, "33": {}, "7": {}, "18": {}, "17": {"14": {"length": -0.152, "type": "trail"}, "33": {"length": -0.152, "type": "trail"}}, "34": {"27": {"length": -0.152, "type": "trail"}, "4": {"length": -0.152, "type": "trail"}}, "25": {"26": {"length": -0.152, "type": "trail"}, "28": {"length": -0.152, "type": "trail"}}, "6": {"22": {"length": -0.152, "type": "trail"}}, "32": {"20": {"length": -0.152, "type": "trail"}, "5": {"length": -0.152, "type": "trail"}}, "28": {"11": {"length": -0.152, "type": "trail"}}, "19": {"3": {"length": -0.152, "type": "trail"}}, "4": {}, "12": {"6": {"length": -0.152, "type": "trail"}, "8": {"length": -0.152, "type": "trail"}}, "2": {"29": {"length": -0.152, "type": "trail"}}, "27": {"2": {"length": -0.152, "type": "trail"}}, "5": {}, "0": {"13": {"length": -0.152, "type": "trail"}, "31": {"length": -0.152, "type": "trail"}}, "8": {"33": {"length": -0.152, "type": "trail"}}, "11": {"15": {"length": -0.152, "type": "trail"}}, "26": {}, "15": {"16": {"length": -0.152, "type": "trail"}}}, "edge_attributes": {"length": 0.0, "type": null, "force": 0.0}, "node_attributes": {"qx": 0.0, "qy": 0.0, "z": 0.0, "x": 0.0, "_w": null, "qz": 0.0, "y": 0.0, "type": null}, "attributes": {"name": "Network"}}