{"node": {"21": {"qz": -0.017999999999999999, "y": -0.60624428121772389, "qx": 0.0, "z": 1.3813296568250499, "x": 0.0015672095179311879, "qy": 0.0}, "10": {"qz": -0.017999999999999999, "y": 0.11745731782454467, "qx": 0.0, "z": 1.8115667579180605, "x": -0.00011788458971719561, "qy": 0.0}, "14": {"qz": -0.017999999999999999, "y": -0.95133849081661426, "qx": 0.0, "z": 0.42622712850777578, "x": 0.001637333379206159, "qy": 0.0}, "13": {"qz": -0.017999999999999999, "y": -0.66859302020270617, "qx": 0.0, "z": 1.2671244753976734, "x": 0.00057977573023050739, "qy": 0.0}, "31": {"qz": -0.017999999999999999, "y": 0.78455024333635415, "qx": 0.0, "z": 0.89919509902028549, "x": 0.0011128705491852409, "qy": 0.0}, "3": {"qz": -0.017999999999999999, "y": -0.85202939258018828, "qx": 0.0, "z": 0.79445376546201429, "x": 0.00066625399288952006, "qy": 0.0}, "1": {"qz": -0.017999999999999999, "y": -0.0082995367278752303, "qx": 0.0, "z": 1.8359915334945582, "x": 0.00024392211662964229, "qy": 0.0}, "9": {"qz": -0.017999999999999999, "y": -0.97998590486225967, "qx": 0.0, "z": 0.30121939847214158, "x": 0.00075590604101888684, "qy": 0.0}, "30": {"qz": -0.017999999999999999, "y": 0.43396770664842194, "qx": 0.0, "z": 1.5759460437554802, "x": -0.00058318302055744911, "qy": 0.0}, "22": {"qz": -0.017999999999999999, "y": -0.76961807563623097, "qx": 0.0, "z": 1.0355320396166854, "x": -0.0010583972521696788, "qy": 0.0}, "20": {"qz": -0.017999999999999999, "y": -0.14295150950143054, "qx": 0.0, "z": 1.8148143680928399, "x": -0.0010908007125372361, "qy": 0.0}, "23": {"y": -1.0190888866285683, "z": 0.11375502684237372, "x": 0.00081338536968819783, "type": "support"}, "24": {"qz": -0.017999999999999999, "y": -0.72055180870248403, "qx": 0.0, "z": 1.1554889851761221, "x": 0.00054440350949889181, "qy": 0.0}, "16": {"y": 1.0071929581891996, "z": 0.0, "x": 0.0024451802589716964, "type": "support"}, "29": {"qz": -0.017999999999999999, "y": 0.34230852422926938, "qx": 0.0, "z": 1.6700470409206316, "x": -0.0011742812069082467, "qy": 0.0}, "33": {"qz": -0.017999999999999999, "y": 0.5796690276772043, "qx": 0.0, "z": 1.3691223577116327, "x": 0.0012919433233900667, "qy": 0.0}, "7": {"qz": -0.017999999999999999, "y": 0.92070796799493781, "qx": 0.0, "z": 0.41366309449940297, "x": 0.0010833797235895878, "qy": 0.0}, "18": {"qz": -0.017999999999999999, "y": 0.82254573804182252, "qx": 0.0, "z": 0.78009676181591125, "x": -0.0013423534370445656, "qy": 0.0}, "17": {"qz": -0.017999999999999999, "y": -0.92043864012690424, "qx": 0.0, "z": 0.55153438131011601, "x": -0.0007454635350551892, "qy": 0.0}, "34": {"qz": -0.017999999999999999, "y": -0.25958924558079932, "qx": 0.0, "z": 1.7587289049221027, "x": 0.0013978252673125524, "qy": 0.0}, "25": {"qz": -0.017999999999999999, "y": 0.64066304080770153, "qx": 0.0, "z": 1.2543739233860234, "x": -0.0018108352935224399, "qy": 0.0}, "6": {"qz": -0.017999999999999999, "y": 0.88995627567315849, "qx": 0.0, "z": 0.53844786051825011, "x": -0.00019210643358525304, "qy": 0.0}, "32": {"qz": -0.017999999999999999, "y": 0.69575473119407683, "qx": 0.0, "z": 1.1345738135623771, "x": -0.00051991074719256319, "qy": 0.0}, "28": {"qz": -0.017999999999999999, "y": -0.53470048873810394, "qx": 0.0, "z": 1.4915757360775785, "x": -0.0016344125742299136, "qy": 0.0}, "19": {"qz": -0.017999999999999999, "y": 0.85830588882381431, "qx": 0.0, "z": 0.65732606261306725, "x": -0.00016619059033504222, "qy": 0.0}, "4": {"qz": -0.017999999999999999, "y": 0.50964217724745542, "qx": 0.0, "z": 1.478380952795026, "x": -0.00062994094801669884, "qy": 0.0}, "12": {"qz": -0.017999999999999999, "y": 0.94842694367380287, "qx": 0.0, "z": 0.29133730940279479, "x": -0.0012767350100967665, "qy": 0.0}, "2": {"qz": -0.017999999999999999, "y": 0.97475865225217195, "qx": 0.0, "z": 0.16775632343145641, "x": 0.0022113518143086347, "qy": 0.0}, "27": {"qz": -0.017999999999999999, "y": -0.36500611561751661, "qx": 0.0, "z": 1.6801683893358048, "x": 0.00039898944925361498, "qy": 0.0}, "5": {"qz": -0.017999999999999999, "y": -1.0056384555986018, "qx": 0.0, "z": 0.1809147951686548, "x": 0.00077626002023493262, "qy": 0.0}, "0": {"qz": -0.017999999999999999, "y": 0.74150229517922539, "qx": 0.0, "z": 1.0203109498229626, "x": -0.00055661828262335532, "qy": 0.0}, "8": {"qz": -0.017999999999999999, "y": 0.2398994481760465, "qx": 0.0, "z": 1.7497829952477644, "x": 0.0014674023979684824, "qy": 0.0}, "11": {"qz": -0.017999999999999999, "y": -0.8119623423285186, "qx": 0.0, "z": 0.91781098033712771, "x": 0.0014811200031953678, "qy": 0.0}, "26": {"qz": -0.017999999999999999, "y": -0.88675868258266743, "qx": 0.0, "z": 0.67643414577050198, "x": 0.00068143011149429894, "qy": 0.0}, "15": {"qz": -0.017999999999999999, "y": -0.45284626739111622, "qx": 0.0, "z": 1.5933707087367877, "x": 0.00062952209668495473, "qy": 0.0}}, "adjacency": {"21": {"13": null, "28": null}, "10": {"1": null, "8": null}, "14": {"9": null, "17": null}, "13": {"24": null, "21": null}, "31": {"0": null, "18": null}, "3": {"11": null, "26": null}, "1": {"10": null, "20": null}, "9": {"14": null, "5": null}, "30": {"29": null, "4": null}, "22": {"11": null, "24": null}, "20": {"1": null, "34": null}, "23": {"5": null}, "24": {"22": null, "13": null}, "16": {"2": null}, "29": {"30": null, "8": null}, "33": {"25": null, "4": null}, "7": {"6": null, "12": null}, "18": {"19": null, "31": null}, "17": {"14": null, "26": null}, "34": {"27": null, "20": null}, "25": {"32": null, "33": null}, "6": {"19": null, "7": null}, "32": {"0": null, "25": null}, "28": {"21": null, "15": null}, "19": {"6": null, "18": null}, "4": {"30": null, "33": null}, "12": {"2": null, "7": null}, "2": {"16": null, "12": null}, "27": {"15": null, "34": null}, "5": {"23": null, "9": null}, "0": {"32": null, "31": null}, "8": {"29": null, "10": null}, "11": {"22": null, "3": null}, "26": {"3": null, "17": null}, "15": {"27": null, "28": null}}, "max_int_key": 34, "edge": {"21": {"28": {"length": -0.125, "type": "trail"}}, "10": {"8": {"length": -0.125, "type": "trail"}}, "14": {"17": {"length": -0.125, "type": "trail"}}, "13": {"21": {"length": -0.125, "type": "trail"}}, "31": {"18": {"length": -0.125, "type": "trail"}}, "3": {"11": {"length": -0.125, "type": "trail"}}, "1": {"10": {"force": -0.058999999999999997, "type": "deviation"}}, "9": {"14": {"length": -0.125, "type": "trail"}}, "30": {"4": {"length": -0.125, "type": "trail"}}, "22": {"24": {"length": -0.125, "type": "trail"}}, "20": {"1": {"length": -0.125, "type": "trail"}}, "23": {"5": {"length": -0.125, "type": "trail"}}, "24": {"13": {"length": -0.125, "type": "trail"}}, "16": {}, "29": {"30": {"length": -0.125, "type": "trail"}}, "33": {"25": {"length": -0.125, "type": "trail"}}, "7": {"12": {"length": -0.125, "type": "trail"}}, "18": {"19": {"length": -0.125, "type": "trail"}}, "17": {"26": {"length": -0.125, "type": "trail"}}, "34": {"20": {"length": -0.125, "type": "trail"}}, "25": {"32": {"length": -0.125, "type": "trail"}}, "6": {"7": {"length": -0.125, "type": "trail"}}, "32": {"0": {"length": -0.125, "type": "trail"}}, "28": {"15": {"length": -0.125, "type": "trail"}}, "19": {"6": {"length": -0.125, "type": "trail"}}, "4": {"33": {"length": -0.125, "type": "trail"}}, "12": {"2": {"length": -0.125, "type": "trail"}}, "2": {"16": {"length": -0.125, "type": "trail"}}, "27": {"34": {"length": -0.125, "type": "trail"}}, "5": {"9": {"length": -0.125, "type": "trail"}}, "0": {"31": {"length": -0.125, "type": "trail"}}, "8": {"29": {"length": -0.125, "type": "trail"}}, "11": {"22": {"length": -0.125, "type": "trail"}}, "26": {"3": {"length": -0.125, "type": "trail"}}, "15": {"27": {"length": -0.125, "type": "trail"}}}, "edge_attributes": {"length": 0.0, "type": null, "force": 0.0}, "node_attributes": {"qx": 0.0, "qy": 0.0, "z": 0.0, "rx": 0.0, "rz": 0.0, "x": 0.0, "_w": null, "qz": 0.0, "y": 0.0, "ry": 0.0, "type": null}, "attributes": {"name": "Network"}}