{"node": {"7": {"z": 0.0, "rx": 3.1042081833437898, "rz": -0.0, "x": 30.495539337003294, "_w": 3, "y": -22.248268084907089, "ry": -5.8115379967604142, "type": "support"}, "3": {"z": 0.0, "rx": 0.89579181665620999, "rz": -0.0, "x": 20.333015854982115, "_w": 3, "y": 40.191664878176191, "ry": 5.8115379967604142, "type": "support"}, "5": {"_w": 1, "y": 0.0, "z": 0.0, "x": 14.0}, "0": {"type": "root", "qy": 0.0, "z": 0.0, "x": 0.0, "_w": 0, "qz": 0.0, "y": 13.0, "qx": -2.0}, "4": {"type": "root", "qy": 0.0, "z": 0.0, "x": 0.0, "_w": 0, "qz": 0.0, "y": 0.0, "qx": -2.0}, "2": {"_w": 2, "y": 26.355073214484054, "z": 0.0, "x": 18.200240402140157}, "1": {"_w": 1, "y": 13.0, "z": 0.0, "x": 14.0}, "6": {"_w": 2, "y": -9.8994949366116636, "z": 0.0, "x": 23.899494936611664}}, "adjacency": {"7": {"6": null}, "3": {"2": null}, "5": {"1": null, "6": null, "4": null}, "0": {"1": null}, "4": {"5": null}, "2": {"1": null, "3": null, "6": null}, "1": {"2": null, "6": null, "0": null, "5": null}, "6": {"1": null, "2": null, "7": null, "5": null}}, "max_int_key": 7, "edge": {"7": {}, "3": {}, "5": {"1": {"length": 13.0, "force": 2.0, "type": "deviation"}, "6": {"length": 14.0, "type": "trail", "force": 2.8284271247461903}}, "0": {"1": {"length": 14.0, "type": "trail", "force": 2.0}}, "4": {"5": {"length": 14.0, "type": "trail", "force": 2.0}}, "2": {"6": {"length": 36.699798556274636, "force": 2.0, "type": "deviation"}, "3": {"length": 14.0, "type": "trail", "force": 5.8801714997590233}}, "1": {"2": {"length": 14.0, "type": "trail", "force": 4.0210351736354655}, "6": {"length": 24.947682624883281, "force": 2.0, "type": "deviation"}}, "6": {"7": {"length": 14.0, "type": "trail", "force": 6.5886328121491644}}}, "edge_attributes": {"length": 0.0, "type": null, "force": 0.0}, "node_attributes": {"qx": 0.0, "qy": 0.0, "z": 0.0, "rx": 0.0, "rz": 0.0, "x": 0.0, "_w": null, "qz": 0.0, "y": 0.0, "ry": 0.0, "type": null}, "attributes": {"tol": "3f", "name": "Network", "gkey_node": {"23.899,22.899,0.000": 2, "16.000,0.000,0.000": 5, "30.160,35.421,0.000": 3, "0.000,0.000,0.000": 4, "30.160,-22.421,0.000": 7, "48.000,0.000,0.000": 7, "20.333,40.192,0.000": 3, "32.000,0.000,0.000": 6, "16.000,13.000,0.000": 1, "0.000,13.000,0.000": 0, "32.000,13.000,0.000": 2, "23.899,-9.899,0.000": 6, "30.496,-22.248,0.000": 7, "14.000,13.000,0.000": 1, "14.000,0.000,0.000": 5, "48.000,13.000,0.000": 3, "18.200,26.355,0.000": 2}}}