{"node": {"7": {"z": 0.0, "rx": 2.6708370965760633, "rz": -0.0, "x": 36.130200887700575, "_w": 3, "y": -16.44343131767851, "ry": -2.8304556411094621, "type": "support"}, "3": {"z": 0.0, "rx": 1.3291629034239367, "rz": -0.0, "x": 28.63899530305823, "_w": 3, "y": 36.650286527713419, "ry": 2.8304556411094621, "type": "support"}, "5": {"y": 0.0, "z": 0.0, "x": 14.0, "_w": 1}, "0": {"type": "root", "z": 0.0, "qy": 0.0, "x": 0.0, "_w": 0, "qz": 0.0, "y": 13.0, "qx": -2.0}, "4": {"type": "root", "z": 0.0, "qy": 0.0, "x": 0.0, "_w": 0, "qz": 0.0, "y": 0.0, "qx": -2.0}, "2": {"y": 23.977971202950108, "z": 0.0, "x": 22.688161385885863, "_w": 2}, "1": {"y": 13.0, "z": 0.0, "x": 14.0, "_w": 1}, "6": {"y": -6.2609903369994111, "z": 0.0, "x": 26.521980673998822, "_w": 2}}, "adjacency": {"7": {"6": null}, "3": {"2": null}, "5": {"1": null, "6": null, "4": null}, "0": {"1": null}, "4": {"5": null}, "2": {"1": null, "3": null, "6": null}, "1": {"2": null, "6": null, "0": null, "5": null}, "6": {"1": null, "2": null, "7": null, "5": null}}, "max_int_key": 7, "edge": {"7": {}, "3": {}, "5": {"1": {"length": 13.0, "force": 1.0, "type": "deviation"}, "6": {"length": 14.0, "type": "trail", "force": 2.2360679774997898}}, "0": {"1": {"length": 14.0, "type": "trail", "force": 2.0}}, "4": {"5": {"length": 14.0, "type": "trail", "force": 2.0}}, "2": {"6": {"length": 30.481026317177268, "force": 1.0, "type": "deviation"}, "3": {"length": 14.0, "type": "trail", "force": 3.1270038631454753}}, "1": {"2": {"length": 14.0, "type": "trail", "force": 2.3444732514798758}, "6": {"length": 22.973588068953983, "force": 1.0, "type": "deviation"}}, "6": {"7": {"length": 14.0, "type": "trail", "force": 3.8916384637752812}}}, "edge_attributes": {"length": 0.0, "type": null, "force": 0.0}, "node_attributes": {"qx": 0.0, "qy": 0.0, "z": 0.0, "rx": 0.0, "rz": 0.0, "x": 0.0, "_w": null, "qz": 0.0, "y": 0.0, "ry": 0.0, "type": null}, "attributes": {"gkey_node": {"16.000,0.000,0.000": 5, "0.000,0.000,0.000": 4, "48.000,0.000,0.000": 7, "32.000,0.000,0.000": 6, "16.000,13.000,0.000": 1, "0.000,13.000,0.000": 0, "32.000,13.000,0.000": 2, "48.000,13.000,0.000": 3}, "tol": "3f", "name": "Network"}}