{"attributes": {"name": "Network", "gkey_node": {"-2.760,-0.531,0.000": 0, "-4.659,0.647,0.000": 30, "-1.769,-4.358,0.000": 40, "-1.840,-2.125,0.000": 4, "-0.920,2.656,0.000": 1, "-2.890,3.711,0.000": 31, "0.920,2.656,0.000": 9, "2.890,3.711,0.000": 16, "1.840,-2.125,0.000": 6, "1.769,-4.358,0.000": 41, "2.760,-0.531,0.000": 11, "4.659,0.647,0.000": 18, "8.186,1.875,0.000": 13, "7.481,3.191,0.000": 19, "8.620,0.935,0.000": 15, "6.504,4.883,0.000": 17, "5.717,6.152,0.000": 22, "5.120,6.997,0.000": 23, "-5.717,6.152,0.000": 24, "-6.504,4.883,0.000": 29, "-5.120,6.997,0.000": 25, "-7.481,3.191,0.000": 28, "-8.186,1.875,0.000": 33, "-8.620,0.935,0.000": 32, "-3.500,-7.932,0.000": 38, "-2.469,-8.027,0.000": 39, "-0.977,-8.074,0.000": 42, "0.977,-8.074,0.000": 43, "2.469,-8.027,0.000": 44, "3.500,-7.932,0.000": 46, "-4.144,-0.344,-0.236": 0, "-6.511,-0.344,-0.354": 30, "-5.861,-1.183,0.000": 35, "-3.955,-4.484,0.000": 37, "-3.553,-5.467,-0.354": 40, "-2.370,-3.417,-0.236": 4, "-1.774,3.761,-0.236": 1, "-2.958,5.811,-0.354": 31, "1.774,3.761,-0.236": 9, "2.958,5.811,-0.354": 16, "1.906,5.667,0.000": 20, "-1.906,5.667,0.000": 26, "-1.786,-0.344,0.000": 2, "-1.191,-1.375,0.000": 5, "-0.595,1.719,0.000": 3, "0.595,1.719,0.000": 8, "2.370,-3.417,-0.236": 6, "3.553,-5.467,-0.354": 41, "1.191,-1.375,0.000": 7, "4.144,-0.344,-0.236": 11, "3.955,-4.484,0.000": 45, "5.861,-1.183,0.000": 12, "6.511,-0.344,-0.354": 18, "1.786,-0.344,0.000": 10, "4.237,0.423,0.634": 13, "8.858,-0.432,-0.671": 19, "6.496,-1.780,0.000": 14, "4.789,-4.736,0.000": 47, "8.840,-1.434,0.000": 15, "4.055,7.888,-0.671": 17, "2.484,3.458,0.634": 22, "1.707,6.515,0.000": 21, "-1.707,6.515,0.000": 27, "3.178,8.373,0.000": 23, "-2.484,3.458,0.634": 24, "-4.055,7.888,-0.671": 29, "-3.178,8.373,0.000": 25, "-8.858,-0.432,-0.671": 28, "-4.237,0.423,0.634": 33, "-8.840,-1.434,0.000": 32, "-6.496,-1.780,0.000": 34, "-4.789,-4.736,0.000": 36, "-5.662,-6.939,0.000": 38, "-1.753,-3.881,0.634": 39, "-4.804,-7.455,-0.671": 42, "4.804,-7.455,-0.671": 43, "1.753,-3.881,0.634": 44, "5.662,-6.939,0.000": 46}, "tol": "3f"}, "dna": {"x": 0.0, "y": 0.0, "z": 0.0, "qx": 0.0, "qy": 0.0, "qz": 0.0, "rx": 0.0, "ry": 0.0, "rz": 0.0, "_k": null, "type": null}, "dea": {"type": null, "length": 0.0, "force": 0.0}, "node": {"0": {"x": -4.144330855356363, "y": -0.34375013295522716, "z": -0.23581534096237106, "_k": 1}, "30": {"x": -6.511288872359229, "y": -0.34375023594488335, "z": -0.3541632388229914, "_k": 2}, "35": {"x": -5.860616488634206, "y": -1.1830890395539089, "z": 0.0, "type": "_origin", "_k": 0}, "37": {"x": -3.9548931393281785, "y": -4.483898437286997, "z": 0.0, "type": "_origin", "_k": 0}, "40": {"x": -3.553340471438834, "y": -5.4670666431568105, "z": -0.3541632553119957, "_k": 2}, "4": {"x": -2.369861540278648, "y": -3.4172208266276103, "z": -0.23581534810675012, "_k": 1}, "1": {"x": -1.774469375533318, "y": 3.7609707299714916, "z": -0.23581534016813507, "_k": 1}, "31": {"x": -2.9579484539279117, "y": 5.810816462090994, "z": -0.35416323704816394, "_k": 2}, "9": {"x": 1.7744689818629291, "y": 3.760970842654965, "z": -0.23581534810675026, "_k": 1}, "16": {"x": 2.957947911473676, "y": 5.810816660075371, "z": -0.3541632553702404, "_k": 2}, "20": {"x": 1.9057230810055155, "y": 5.666987148187688, "z": 0.0, "type": "_origin", "_k": 0}, "26": {"x": -1.905723474690165, "y": 5.666987108111598, "z": 0.0, "type": "_origin", "_k": 0}, "2": {"x": -1.78617742435384, "y": -0.34375002671171423, "z": 0.0, "type": "_origin", "_k": 0, "qx": 0.0, "qy": 0.0, "qz": -0.1}, "5": {"x": -1.190784902443887, "y": -1.3750000053421771, "z": 0.0, "type": "_origin", "_k": 0, "qx": 0.0, "qy": 0.0, "qz": -0.1}, "3": {"x": -0.5953925933724697, "y": 1.7187499910960915, "z": 0.0, "type": "_origin", "_k": 0, "qx": 0.0, "qy": 0.0, "qz": -0.1}, "8": {"x": 0.5953923440281683, "y": 1.7187500213695315, "z": 0.0, "type": "_origin", "_k": 0, "qx": 0.0, "qy": 0.0, "qz": -0.1}, "6": {"x": 2.3698617545182383, "y": -3.4172206836706973, "z": -0.23581534016813513, "_k": 1}, "41": {"x": 3.5533408320034727, "y": -5.467066416284969, "z": -0.35416323757208973, "_k": 2}, "7": {"x": 1.1907849723573893, "y": -1.3749999447952967, "z": 0.0, "type": "_origin", "_k": 0, "qx": 0.0, "qy": 0.0, "qz": -0.1}, "11": {"x": 4.144330818850597, "y": -0.3437498296478807, "z": -0.23581534096237106, "_k": 1}, "45": {"x": 3.954893338858811, "y": -4.483898219387314, "z": 0.0, "type": "_origin", "_k": 0}, "12": {"x": 5.8606165343115775, "y": -1.1830887010521443, "z": 0.0, "type": "_origin", "_k": 0}, "18": {"x": 6.511288835824355, "y": -0.34374972590568104, "z": -0.3541632394051615, "_k": 2}, "10": {"x": 1.7861773878480744, "y": -0.3437499358913939, "z": 0.0, "type": "_origin", "_k": 0, "qx": 0.0, "qy": 0.0, "qz": -0.1}, "13": {"x": 4.236958591230232, "y": 0.4225580644240676, "z": 0.6341370731685824, "type": "support", "_k": 1, "rx": 0.8100056705891434, "ry": -0.8010203075967025, "rz": -0.31635642678688286}, "19": {"x": 8.858218088859585, "y": -0.43232321399254536, "z": -0.6712977497281494, "type": "support", "_k": 3, "rx": -3.081213294748091, "ry": 0.11628548611020328, "rz": 0.4163564232568486}, "14": {"x": 6.4955784308199975, "y": -1.7796652250408642, "z": 0.0, "type": "_origin", "_k": 0}, "47": {"x": 4.789024700805408, "y": -4.735503112178549, "z": 0.0, "type": "_origin", "_k": 0}, "15": {"x": 8.840114170946233, "y": -1.4337625762321253, "z": 0.0, "type": "support", "_k": 1, "rx": -1.2287924004937476, "ry": -0.18129070881382714, "rz": -0.0}, "17": {"x": 4.054705392340824, "y": 7.887603886479637, "z": -0.6712978066070998, "type": "support", "_k": 3, "rx": -1.4399001662620527, "ry": -2.7265519722975444, "rz": 0.4163564881201928}, "22": {"x": 2.484424700451458, "y": 3.458034658357808, "z": 0.6341370612944792, "type": "support", "_k": 1, "rx": -0.2887010075658172, "ry": 1.1019958957251166, "rz": -0.3163564821294646}, "21": {"x": 1.7065537442613397, "y": 6.515168513064437, "z": 0.0, "type": "_origin", "_k": 0}, "27": {"x": -1.7065538754895555, "y": 6.515168499705742, "z": 0.0, "type": "_origin", "_k": 0}, "23": {"x": 3.178382213416751, "y": 8.372644606198833, "z": 0.0, "type": "support", "_k": 1, "rx": -0.7713987042798105, "ry": -0.973520136009342, "rz": -0.0}, "24": {"x": -2.4844256458674643, "y": 3.4580347563273075, "z": 0.6341370386623946, "type": "support", "_k": 1, "rx": 0.28870124884727977, "ry": 1.1019956972113676, "rz": -0.3163564336206011}, "29": {"x": -4.0547061370826345, "y": 7.887603588186105, "z": -0.6712977455912692, "type": "support", "_k": 3, "rx": 1.4399004280267458, "ry": -2.7265518333851744, "rz": 0.41635643096639174}, "25": {"x": -3.1783820860604513, "y": 8.372644797737525, "z": 0.0, "type": "support", "_k": 1, "rx": 0.7713984256062398, "ry": -0.9735200627434946, "rz": -0.0}, "28": {"x": -8.858218114661103, "y": -0.43232396270884876, "z": -0.6712977619163916, "type": "support", "_k": 3, "rx": 3.0812133364595358, "ry": 0.11628580156825608, "rz": 0.41635644756325046}, "33": {"x": -4.236958674679639, "y": 0.42255786147134344, "z": 0.6341370605748092, "type": "support", "_k": 1, "rx": -0.810005679539376, "ry": -0.8010204477737604, "rz": -0.3163564491590428}, "32": {"x": -8.84011414566419, "y": -1.4337631929797892, "z": 0.0, "type": "support", "_k": 1, "rx": 1.2287923873085989, "ry": -0.18129061370942912, "rz": -0.0}, "34": {"x": -6.495578379872505, "y": -1.779665667827508, "z": 0.0, "type": "_origin", "_k": 0}, "36": {"x": -4.789024508586273, "y": -4.735503410410515, "z": 0.0, "type": "_origin", "_k": 0}, "38": {"x": -5.661731748409959, "y": -6.9388823049135695, "z": 0.0, "type": "support", "_k": 1, "rx": 0.4573937893842107, "ry": 1.1548108873366898, "rz": -0.0}, "39": {"x": -1.752533344987293, "y": -3.880592572831369, "z": 0.6341370903569682, "type": "support", "_k": 1, "rx": -1.0987067932978654, "ry": -0.30097545978504225, "rz": -0.3163564513153757}, "42": {"x": -4.803512018814187, "y": -7.455280229603452, "z": -0.671297794560368, "type": "support", "_k": 3,