{"attributes": {"name": "Mesh", "strips": {}, "polyedges": {"0": [41, 40, 39, 50, 49, 48], "1": [6, 3, 0, 51, 48, 45], "2": [7, 4, 1, 52, 49, 46], "3": [38, 37, 36, 47, 46, 45], "4": [35, 32, 29, 44, 41, 38], "5": [34, 31, 28, 43, 40, 37], "6": [8, 5, 2, 53, 50, 47], "7": [33, 30, 27, 42, 39, 36], "8": [26, 23, 20, 33, 34, 35], "9": [25, 22, 19, 30, 31, 32], "10": [51, 52, 53, 42, 43, 44], "11": [24, 21, 18, 27, 28, 29], "12": [15, 16, 17, 24, 25, 26], "13": [12, 13, 14, 21, 22, 23], "14": [9, 10, 11, 18, 19, 20], "15": [0, 1, 2, 11, 14, 17], "16": [3, 4, 5, 10, 13, 16], "17": [6, 7, 8, 9, 12, 15]}}, "dva": {"x": 0.0, "y": 0.0, "z": 0.0}, "dea": {}, "dfa": {}, "vertex": {"51": {"x": -6.708333333333333, "y": 0.0, "z": 1.3611111111111112}, "0": {"x": -5.902777777777778, "y": 0.0, "z": 1.2222222222222223}, "1": {"x": -3.5416666666666665, "y": 0.0, "z": 3.666666666666667}, "52": {"x": -4.291666666666666, "y": 0.0, "z": 4.083333333333333}, "2": {"x": -1.1805555555555554, "y": 0.0, "z": 6.111111111111111}, "53": {"x": -1.875, "y": 0.0, "z": 6.805555555555555}, "11": {"x": 1.1805555555555556, "y": 0.0, "z": 6.111111111111111}, "18": {"x": 1.8750000000000002, "y": 0.0, "z": 6.805555555555557}, "27": {"x": 0.6666666666666667, "y": 0.0, "z": 10.13888888888889}, "42": {"x": -0.6666666666666667, "y": 0.0, "z": 10.13888888888889}, "3": {"x": -5.208333333333334, "y": 0.0, "z": 1.0}, "4": {"x": -3.125, "y": 0.0, "z": 3.0}, "5": {"x": -1.0416666666666667, "y": 0.0, "z": 5.0}, "10": {"x": 1.0416666666666665, "y": 0.0, "z": 5.0}, "6": {"x": -4.513888888888889, "y": 0.0, "z": 0.7777777777777777}, "7": {"x": -2.708333333333334, "y": 0.0, "z": 2.3333333333333335}, "8": {"x": -0.9027777777777779, "y": 0.0, "z": 3.888888888888889}, "9": {"x": 0.9027777777777777, "y": 0.0, "z": 3.8888888888888893}, "12": {"x": 2.708333333333333, "y": 0.0, "z": 2.333333333333334}, "13": {"x": 3.1249999999999996, "y": 0.0, "z": 3.0}, "14": {"x": 3.5416666666666665, "y": 0.0, "z": 3.666666666666667}, "21": {"x": 4.291666666666667, "y": 0.0, "z": 4.083333333333334}, "15": {"x": 4.513888888888889, "y": 0.0, "z": 0.7777777777777779}, "16": {"x": 5.208333333333332, "y": 0.0, "z": 1.0}, "17": {"x": 5.902777777777777, "y": 0.0, "z": 1.2222222222222223}, "24": {"x": 6.708333333333334, "y": 0.0, "z": 1.3611111111111112}, "19": {"x": 3.1250000000000004, "y": 0.0, "z": 7.083333333333334}, "30": {"x": 2.0, "y": 0.0, "z": 10.416666666666664}, "20": {"x": 4.375, "y": 0.0, "z": 7.361111111111112}, "33": {"x": 3.3333333333333335, "y": 0.0, "z": 10.694444444444443}, "22": {"x": 5.375, "y": 0.0, "z": 4.250000000000001}, "23": {"x": 6.458333333333334, "y": 0.0, "z": 4.416666666666667}, "25": {"x": 7.625, "y": 0.0, "z": 1.416666666666667}, "26": {"x": 8.541666666666666, "y": 0.0, "z": 1.4722222222222223}, "28": {"x": 0.6666666666666667, "y": 0.0, "z": 14.083333333333332}, "43": {"x": -0.6666666666666667, "y": 0.0, "z": 14.083333333333332}, "29": {"x": 0.6666666666666669, "y": 0.0, "z": 18.02777777777778}, "44": {"x": -0.6666666666666667, "y": 0.0, "z": 18.02777777777778}, "31": {"x": 2.0, "y": 0.0, "z": 14.249999999999996}, "32": {"x": 2.0000000000000004, "y": 0.0, "z": 18.083333333333332}, "34": {"x": 3.3333333333333335, "y": 0.0, "z": 14.416666666666664}, "35": {"x": 3.333333333333334, "y": 0.0, "z": 18.13888888888889}, "39": {"x": -2.0000000000000004, "y": 0.0, "z": 10.416666666666668}, "36": {"x": -3.333333333333334, "y": 0.0, "z": 10.694444444444446}, "47": {"x": -4.375, "y": 0.0, "z": 7.361111111111111}, "50": {"x": -3.125, "y": 0.0, "z": 7.083333333333334}, "37": {"x": -3.333333333333334, "y": 0.0, "z": 14.416666666666666}, "40": {"x": -2.0000000000000004, "y": 0.0, "z": 14.249999999999998}, "38": {"x": -3.333333333333334, "y": 0.0, "z": 18.138888888888886}, "41": {"x": -2.0000000000000004, "y": 0.0, "z": 18.083333333333332}, "46": {"x": -6.458333333333332, "y": 0.0, "z": 4.416666666666666}, "45": {"x": -8.541666666666668, "y": 0.0, "z": 1.4722222222222219}, "48": {"x": -7.625, "y": 0.0, "z": 1.4166666666666665}, "49": {"x": -5.375, "y": 0.0, "z": 4.249999999999999}}, "face": {"1": [51, 0, 1, 52], "2": [52, 1, 2, 53], "3": [53, 2, 11, 18, 27, 42], "5": [1, 0, 3, 4], "6": [2, 1, 4, 5], "7": [11, 2, 5, 10], "9": [4, 3, 6, 7], "10": [5, 4, 7, 8], "11": [10, 5, 8, 9], "17": [10, 9, 12, 13], "18": [11, 10, 13, 14], "19": [18, 11, 14, 21], "21": [13, 12, 15, 16], "22": [14, 13, 16, 17], "23": [21, 14, 17, 24], "28": [27, 18, 19, 30], "29": [30, 19, 20, 33], "31": [19, 18, 21, 22], "32": [20, 19, 22, 23], "34": [22, 21, 24, 25], "35": [23, 22, 25, 26], "40": [42, 27, 28, 43], "41": [43, 28, 29, 44], "43": [28, 27, 30, 31], "44": [29, 28, 31, 32], "46": [31, 30, 33, 34], "47": [32, 31, 34, 35], "56": [39, 36, 47, 50], "57": [37, 36, 39, 40], "58": [38, 37, 40, 41], "60": [42, 39, 50, 53], "61": [40, 39, 42, 43], "62": [41, 40, 43, 44], "68": [46, 45, 48, 49], "69": [47, 46, 49, 50], "71": [49, 48, 51, 52], "72": [50, 49, 52, 53]}, "facedata": {"1": {}, "2": {}, "3": {}, "5": {}, "6": {}, "7": {}, "9": {}, "10": {}, "11": {}, "17": {}, "18": {}, "19": {}, "21": {}, "22": {}, "23": {}, "28": {}, "29": {}, "31": {}, "32": {}, "34": {}, "35": {}, "40": {}, "41": {}, "43": {}, "44": {}, "46": {}, "47": {}, "56": {}, "57": {}, "58": {}, "60": {}, "61": {}, "62": {}, "68": {}, "69": {}, "71": {}, "72": {}}, "edgedata": {}, "max_vertex": 53, "max_face": 72}