{"attributes": {"name": "Mesh", "strips": {}, "polyedges": {"0": [38, 39, 42, 43, 44, 46], "1": [32, 34, 36, 38], "2": [25, 24, 29, 28, 33, 32], "3": [23, 21, 27, 25], "4": [15, 13, 19, 17, 22, 23], "5": [15, 14, 47, 46], "6": [10, 11, 18, 19], "7": [21, 20, 16, 18, 12, 14], "8": [44, 45, 12, 13], "9": [36, 37, 40, 41, 45, 47], "10": [7, 10, 8, 3, 2, 5, 7], "11": [7, 6, 41, 43], "12": [6, 11, 9, 1, 0, 4, 6], "13": [22, 20, 26, 24], "14": [34, 35, 30, 31, 26, 27], "15": [8, 9, 16, 17], "16": [3, 1, 31, 29], "17": [42, 40, 4, 5], "18": [33, 35, 37, 39], "19": [2, 0, 30, 28]}}, "dva": {"x": 0.0, "y": 0.0, "z": 0.0}, "dea": {}, "dfa": {}, "vertex": {"0": {"x": -2.7604560194559884, "y": -0.5312500412816384, "z": 0.0}, "30": {"x": -4.65867872583391, "y": 0.6471235590157993, "z": 0.0}, "35": {"x": -5.860616488634206, "y": -1.1830890395539089, "z": 0.0}, "37": {"x": -3.9548931393281785, "y": -4.483898437286997, "z": 0.0}, "40": {"x": -1.7689136765529707, "y": -4.358095906291853, "z": 0.0}, "4": {"x": -1.8403039401406038, "y": -2.125000008255989, "z": 0.0}, "1": {"x": -0.9201521897574718, "y": 2.656249986239446, "z": 0.0}, "31": {"x": -2.8897650914716166, "y": 3.7109721278816172, "z": 0.0}, "9": {"x": 0.920151804407171, "y": 2.6562500330256373, "z": 0.0}, "16": {"x": 2.8897647085475446, "y": 3.7109722395475386, "z": 0.0}, "20": {"x": 1.9057230810055155, "y": 5.666987148187688, "z": 0.0}, "26": {"x": -1.905723474690165, "y": 5.666987108111598, "z": 0.0}, "2": {"x": -1.78617742435384, "y": -0.34375002671171423, "z": 0.0}, "5": {"x": -1.190784902443887, "y": -1.3750000053421771, "z": 0.0}, "3": {"x": -0.5953925933724697, "y": 1.7187499910960915, "z": 0.0}, "8": {"x": 0.5953923440281683, "y": 1.7187500213695315, "z": 0.0}, "6": {"x": 1.8403040481886817, "y": -2.1249999146836056, "z": 0.0}, "41": {"x": 1.7689138797393513, "y": -4.358095817425082, "z": 0.0}, "7": {"x": 1.1907849723573893, "y": -1.3749999447952967, "z": 0.0}, "11": {"x": 2.76045596303794, "y": -0.5312499009230633, "z": 0.0}, "45": {"x": 3.954893338858811, "y": -4.483898219387314, "z": 0.0}, "12": {"x": 5.8606165343115775, "y": -1.1830887010521443, "z": 0.0}, "18": {"x": 4.6586786268874265, "y": 0.6471237871439901, "z": 0.0}, "10": {"x": 1.7861773878480744, "y": -0.3437499358913939, "z": 0.0}, "13": {"x": 8.185965599517198, "y": 1.8754496712342084, "z": 0.0}, "19": {"x": 7.480845379396533, "y": 3.1913711283097665, "z": 0.0}, "14": {"x": 6.4955784308199975, "y": -1.7796652250408642, "z": 0.0}, "47": {"x": 4.789024700805408, "y": -4.735503112178549, "z": 0.0}, "15": {"x": 8.61959171681128, "y": 0.9351522697085598, "z": 0.0}, "17": {"x": 6.504231056449289, "y": 4.882916640935234, "z": 0.0}, "22": {"x": 5.717169728148688, "y": 6.151529357187028, "z": 0.0}, "21": {"x": 1.7065537442613397, "y": 6.515168513064437, "z": 0.0}, "27": {"x": -1.7065538754895555, "y": 6.515168499705742, "z": 0.0}, "23": {"x": 5.119661394494733, "y": 6.997209277065151, "z": 0.0}, "24": {"x": -5.717169938938353, "y": 6.151529236958759, "z": 0.0}, "29": {"x": -6.504231298514904, "y": 4.882916416022605, "z": 0.0}, "25": {"x": -5.119661464757952, "y": 6.997209236989065, "z": 0.0}, "28": {"x": -7.480845543487607, "y": 3.1913707741805992, "z": 0.0}, "33": {"x": -8.185965711597468, "y": 1.8754491870989298, "z": 0.0}, "32": {"x": -8.619591802844491, "y": 0.9351516547775958, "z": 0.0}, "34": {"x": -6.495578379872505, "y": -1.779665667827508, "z": 0.0}, "36": {"x": -4.789024508586273, "y": -4.735503410410515, "z": 0.0}, "38": {"x": -3.499930188985796, "y": -7.932361572971424, "z": 0.0}, "39": {"x": -2.4687956636793857, "y": -8.026979006100333, "z": 0.0}, "42": {"x": -0.9766141116809874, "y": -8.07428769944977, "z": 0.0}, "43": {"x": 0.9766144670093986, "y": -8.074287653019725, "z": 0.0}, "44": {"x": 2.4687960131588986, "y": -8.026978883771301, "z": 0.0}, "46": {"x": 3.4999305267675127, "y": -7.932361391704495, "z": 0.0}}, "face": {"0": [0, 30, 35, 37, 40, 4], "1": [30, 0, 1, 31], "2": [31, 1, 9, 16, 20, 26], "3": [2, 0, 4, 5], "4": [1, 0, 2, 3], "5": [9, 1, 3, 8], "9": [6, 4, 40, 41], "10": [5, 4, 6, 7], "12": [11, 6, 41, 45, 12, 18], "13": [7, 6, 11, 10], "16": [9, 8, 10, 11], "17": [16, 9, 11, 18], "18": [18, 12, 13, 19], "20": [14, 12, 45, 47], "21": [13, 12, 14, 15], "26": [20, 16, 17, 22], "28": [17, 16, 18, 19], "30": [26, 20, 21, 27], "32": [21, 20, 22, 23], "39": [26, 24, 29, 31], "40": [25, 24, 26, 27], "44": [30, 28, 33, 35], "45": [29, 28, 30, 31], "49": [33, 32, 34, 35], "51": [35, 34, 36, 37], "53": [37, 36, 38, 39], "54": [40, 37, 39, 42], "58": [41, 40, 42, 43], "59": [45, 41, 43, 44], "63": [45, 44, 46, 47]}, "facedata": {"0": {}, "1": {}, "2": {}, "3": {}, "4": {}, "5": {}, "9": {}, "10": {}, "12": {}, "13": {}, "16": {}, "17": {}, "18": {}, "20": {}, "21": {}, "26": {}, "28": {}, "30": {}, "32": {}, "39": {}, "40": {}, "44": {}, "45": {}, "49": {}, "51": {}, "53": {}, "54": {}, "58": {}, "59": {}, "63": {}}, "edgedata": {}, "max_vertex": 47, "max_face": 63}