{"dea": {}, "dfa": {}, "vertex": {"0": {"z": 0.0, "y": 1.7364817229989189, "x": -9.848077539585617}, "1": {"z": 0.0, "y": 4.9661916049100165, "x": -8.6016966112255897}, "2": {"z": 0.0, "y": -0.80647502249456293, "x": -7.8247320175528472}, "3": {"z": 0.0, "y": 7.6604441901299847, "x": -6.427876384149263}, "4": {"z": 0.0, "y": -6.3731791937589453, "x": -4.6107938657743492}, "5": {"z": 0.0, "y": 2.5000000000000013, "x": -4.3301270189221919}, "6": {"z": 0.0, "y": -9.3969263361243165, "x": -3.4202010808508407}, "7": {"z": 0.0, "y": 7.1796542162535157, "x": -3.2139381517785015}, "8": {"z": 0.0, "y": 0.99999988796353045, "x": -1.7320508722531598}, "9": {"z": 0.0, "y": -5.0, "x": 0.0}, "10": {"z": 0.0, "y": -2.0000000000000062, "x": 2.990943637204424e-08}, "11": {"z": 0.0, "y": -9.9323835834228866, "x": 2.1569971309087776e-07}, "12": {"z": 0.0, "y": 1.0000000621659133, "x": 1.7320507716773608}, "13": {"z": 0.0, "y": 7.1796542162535122, "x": 3.2139381517785037}, "14": {"z": 0.0, "y": -9.3969261892195544, "x": 3.4202014844683766}, "15": {"z": 0.0, "y": 2.4999999999999969, "x": 4.3301270189221963}, "16": {"z": 0.0, "y": -6.3731791937589497, "x": 4.6107938657743404}, "17": {"z": 0.0, "y": 7.6604444662206372, "x": 6.4278760551172436}, "18": {"z": 0.0, "y": -0.80647502249457226, "x": 7.824732017552849}, "19": {"z": 0.0, "y": 4.9661919785128728, "x": 8.6016963955258792}, "20": {"z": 0.0, "y": 1.7364821459943256, "x": 9.8480774650001095}}, "max_face": 11, "face": {"0": [4, 6, 11, 9], "1": [9, 11, 14, 16], "2": [5, 9, 10, 8], "3": [9, 15, 12, 10], "4": [5, 8, 12, 15], "5": [15, 18, 20, 19], "6": [13, 15, 19, 17], "7": [1, 5, 7, 3], "8": [0, 2, 5, 1], "9": [5, 15, 13, 7], "10": [2, 4, 9, 5], "11": [9, 16, 18, 15]}, "facedata": {"0": {}, "1": {}, "2": {}, "3": {}, "4": {}, "5": {}, "6": {}, "7": {}, "8": {}, "9": {}, "10": {}, "11": {}}, "attributes": {"name": "Mesh"}, "edgedata": {}, "max_vertex": 20, "dva": {"z": 0.0, "y": 0.0, "x": 0.0}}