{"dea": {}, "dfa": {}, "vertex": {"0": {"z": 0.0, "y": 1.7364813239075474, "x": -9.848077609956178}, "1": {"z": 0.0, "y": 3.9607972925979498, "x": -9.1821612274534079}, "2": {"z": 0.0, "y": 5.9715856492581478, "x": -8.0212321268975941}, "3": {"z": 0.0, "y": -3.3494324172549259, "x": -5.8013865640034803}, "4": {"z": 0.0, "y": -9.3969263361243165, "x": -3.4202010808508407}, "5": {"z": 0.0, "y": 7.6604442577549197, "x": -6.427876303557003}, "6": {"z": 0.0, "y": -2.5000000647554623, "x": -4.3301269815356074}, "7": {"z": 0.0, "y": -9.9323836086345665, "x": -1.160928874189705}, "8": {"z": 0.0, "y": -1.0000000259023352, "x": -1.7320507926141646}, "9": {"z": 0.0, "y": -9.9323835582112068, "x": 1.1609293055891312}, "10": {"z": 0.0, "y": 1.9999999999999971, "x": -1.293685702452585e-07}, "11": {"z": 0.0, "y": 4.9999999999999849, "x": -3.2342142797237017e-07}, "12": {"z": 0.0, "y": 6.6988641747521109, "x": 0.0}, "13": {"z": 0.0, "y": -0.99999993783407826, "x": 1.7320508434603792}, "14": {"z": 0.0, "y": -9.3969261892195544, "x": 3.4202014844683766}, "15": {"z": 0.0, "y": -2.4999998445851928, "x": 4.3301271086509727}, "16": {"z": 0.0, "y": -3.3494320150257044, "x": 5.8013866808821497}, "17": {"z": 0.0, "y": 7.6604442577549143, "x": 6.4278763035570075}, "18": {"z": 0.0, "y": 5.9715858629972951, "x": 8.0212319677746979}, "19": {"z": 0.0, "y": 3.9607977775244412, "x": 9.1821610182765507}, "20": {"z": 0.0, "y": 1.7364820969362162, "x": 9.8480774736503776}}, "max_face": 11, "face": {"0": [6, 8, 10, 11], "1": [6, 15, 13, 8], "2": [10, 13, 15, 11], "3": [15, 16, 20, 19], "4": [11, 15, 19, 18], "5": [11, 18, 17, 12], "6": [2, 11, 12, 5], "7": [1, 6, 11, 2], "8": [0, 3, 6, 1], "9": [3, 4, 7, 6], "10": [6, 7, 9, 15], "11": [9, 14, 16, 15]}, "facedata": {"0": {}, "1": {}, "2": {}, "3": {}, "4": {}, "5": {}, "6": {}, "7": {}, "8": {}, "9": {}, "10": {}, "11": {}}, "attributes": {"name": "Mesh"}, "edgedata": {}, "max_vertex": 20, "dva": {"z": 0.0, "y": 0.0, "x": 0.0}}