{"dea": {}, "dfa": {}, "vertex": {"0": {"z": 0.0, "y": 3.652680773548417, "x": -1.6263285703952803}, "1": {"z": 0.0, "y": -1.2298709869357665, "x": 0.3328876754786787}, "2": {"z": 0.0, "y": 0.57879381641741878, "x": 1.256677285191611}, "3": {"z": 0.0, "y": 3.3545946371710507, "x": -4.7936107470777305}, "4": {"z": 0.0, "y": 4.0106639306681826, "x": -4.0606140388096854}, "5": {"z": 0.0, "y": 2.9172612034249155, "x": -2.4218007148183287}, "6": {"z": 0.0, "y": -0.95878878485882923, "x": -2.5495347448443977}, "7": {"z": 0.0, "y": 3.2767984585726633, "x": -5.8952777190484831}, "8": {"z": 0.0, "y": 1.053121499601108, "x": -7.0127336442749755}, "9": {"z": 0.0, "y": -2.2753445311084284, "x": -1.2616833633388236}, "10": {"z": 0.0, "y": -0.54639374010908703, "x": -4.0959382973859233}, "11": {"z": 0.0, "y": 0.94224611497339739, "x": -1.3632146561574601}, "12": {"z": 0.0, "y": 2.9925268928819291, "x": -0.45898140364951612}, "13": {"z": 0.0, "y": 0.17059729237300747, "x": -6.3369461861880048}, "14": {"z": 0.0, "y": 1.3112489608128968, "x": -4.0455631343819478}, "15": {"z": 0.0, "y": -0.80839091742167346, "x": -6.1804228039715197}, "16": {"z": 0.0, "y": 2.9230803265241039, "x": -3.1206989768723461}, "17": {"z": 0.0, "y": 1.9735002588258572, "x": -5.7818802942397172}, "18": {"z": 0.0, "y": 2.4892355129091799, "x": 1.5776206858266173}, "19": {"z": 0.0, "y": -0.82097555559716051, "x": 1.6135496068516462}}, "max_face": 10, "face": {"1": [0, 5, 11, 12], "2": [2, 18, 12, 11], "3": [19, 2, 11, 1], "4": [4, 3, 14, 16], "5": [6, 9, 1, 11], "6": [3, 7, 17, 14], "7": [17, 8, 13, 14], "8": [15, 10, 14, 13], "9": [10, 6, 11, 14], "10": [11, 5, 16, 14]}, "facedata": {"1": {}, "2": {}, "3": {}, "4": {}, "5": {}, "6": {}, "7": {}, "8": {}, "9": {}, "10": {}}, "attributes": {"name": "Mesh"}, "edgedata": {}, "max_vertex": 19, "dva": {"z": 0.0, "y": 0.0, "x": 0.0}}