{"dea": {}, "dfa": {}, "vertex": {"0": {"z": -1.0, "y": 2.5061092212609228, "x": 2.0971119651219103}, "1": {"z": -1.0, "y": 2.6371852081799183, "x": 1.3040163010240495}, "2": {"z": -1.0, "y": 2.7682611950989138, "x": 0.51092063692618872}, "3": {"z": 1.5940875363891061, "y": 1.8109650735050251, "x": 1.9929429106483734}, "4": {"z": 1.5940875363891065, "y": 1.8925098602780037, "x": 1.1181371847785595}, "5": {"z": 1.5940875363891063, "y": 1.9740546470509823, "x": 0.24333145890874586}, "6": {"z": 4.9274208697224395, "y": 1.1158209257491274, "x": 1.888773856174836}, "7": {"z": 4.9274208697224404, "y": 1.1478345123760894, "x": 0.93225806853306936}, "8": {"z": 4.9274208697224395, "y": 1.1798480990030513, "x": -0.02425771910869709}, "9": {"z": 4.9274208697224413, "y": 0.1205931492916642, "x": 2.0065955700170828}, "10": {"z": 4.9274208697224413, "y": 0.080673825989588249, "x": 1.0691844639833927}, "11": {"z": 4.9274208697224413, "y": 0.040754502687512267, "x": 0.13177335794970294}, "12": {"z": 1.5940875363891072, "y": -1.1747182558673648, "x": 2.3464080521751138}, "13": {"z": 1.5940875363891072, "y": -1.3089721988814997, "x": 1.5289163711295299}, "14": {"z": 1.5940875363891069, "y": -1.4432261418956347, "x": 0.71142469008394604}, "15": {"z": -1.0, "y": -2.4700296610263939, "x": 2.6862205343331449}, "16": {"z": -1.0, "y": -2.6986182237525878, "x": 1.9886482782756669}, "17": {"z": -1.0, "y": -2.9272067864787816, "x": 1.2910760222181892}, "18": {"z": -1.0, "y": 3.6943638772812593, "x": -1.63743589353383}, "19": {"z": 1.5940875363891072, "y": 3.3484622121047565, "x": -1.8168451269374644}, "20": {"z": 4.9274208697224413, "y": 3.0025605469282528, "x": -1.9962543603410987}, "21": {"z": -1.0, "y": 3.3501380017921205, "x": -0.93671241416939477}, "22": {"z": 1.5940875363891065, "y": 2.8150081434378427, "x": -1.1677356377729429}, "23": {"z": 4.9274208697224404, "y": 2.2798782850835648, "x": -1.3987588613764912}, "24": {"z": -1.0, "y": 3.0059121263029809, "x": -0.2359889348049593}, "25": {"z": 1.5940875363891061, "y": 2.2815540747709289, "x": -0.51862614860842149}, "26": {"z": 4.9274208697224395, "y": 1.5571960232388764, "x": -0.80126336241188389}, "27": {"z": 4.9274208697224413, "y": -0.33058271212843438, "x": -0.63763323062843313}, "28": {"z": 4.9274208697224413, "y": -1.0333378184582518, "x": -1.2390353017510154}, "29": {"z": 4.9274208697224395, "y": -1.7360929247880692, "x": -1.8404373728735979}, "30": {"z": 1.5940875363891072, "y": -1.7587970450686214, "x": -0.011489943776929912}, "31": {"z": 1.5940875363891072, "y": -2.2556849084004602, "x": -0.63982753045309804}, "32": {"z": 1.5940875363891065, "y": -2.7525727717322988, "x": -1.2681651171292661}, "33": {"z": -1.0, "y": -3.1870113780088087, "x": 0.61465334307457331}, "34": {"z": -1.0, "y": -3.4780319983426682, "x": -0.040619759155180624}, "35": {"z": -1.0, "y": -3.7690526186765281, "x": -0.69589286138493456}, "36": {"z": 6.5940875363891074, "y": 0.81699526971166547, "x": -3.6118449093380955}, "37": {"z": 6.5940875363891074, "y": 0.050787891368881177, "x": -3.7646339086533338}, "38": {"z": 6.5940875363891074, "y": -0.71541948697390323, "x": -3.9174229079685712}, "39": {"z": 6.5940875363891074, "y": 0.64360694356366288, "x": -2.5473888952245312}, "40": {"z": 6.5940875363891083, "y": -0.13839297457353028, "x": -2.8742360201519901}, "41": {"z": 6.5940875363891074, "y": -0.92039289271072355, "x": -3.2010831450794481}, "42": {"z": 6.5940875363891074, "y": 0.4702186174156604, "x": -1.4829328811109668}, "43": {"z": 6.5940875363891083, "y": -0.32757384051594179, "x": -1.9838381316506455}, "44": {"z": 6.5940875363891074, "y": -1.1253662984475439, "x": -2.4847433821903246}, "45": {"z": 6.5940875363891074, "y": 1.2656635189446057, "x": -1.4409116745769059}, "46": {"z": 6.5940875363891074, "y": 2.0587608640708943, "x": -1.8577745120484634}, "47": {"z": 6.5940875363891074, "y": 2.8518582091971831, "x": -2.2746373495200212}, "48": {"z": 6.5940875363891074, "y": 1.406956561888117, "x": -2.4375710851034875}, "49": {"z": 6.5940875363891083, "y": 2.1516558803998316, "x": -2.5447825897888601}, "50": {"z": 6.5940875363891074, "y": 2.8963551989115466, "x": -2.6519940944742322}, "51": {"z": 6.5940875363891074, "y": 1.5482496048316279, "x": -3.4342304956300698}, "52": {"z": 6.5940875363891083, "y": 2.2445508967287688, "x": -3.2317906675292569}, "53": {"z": 6.5940875363891074, "y": 2.94085218862591, "x": -3.0293508394284432}, "54": {"z": -1.0, "y": 0.0056346860429345724, "x": -6.3385765124240354}, "55": {"z": -1.0, "y": -0.43022453645148995, "x": -6.2535676871215466}, "56": {"z": -1.0, "y": -0.86608375894591427, "x": -6.168558861819057}, "57": {"z": 1.5940875363891067, "y": 0.36485658474002736, "x": -5.4607750740123722}, "58": {"z": 1.5940875363891065, "y": -0.19998339213485924, "x": -5.4360737534345311}, "59": {"z": 1.5940875363891069, "y": -0.76482336900974568, "x": -5.4113724328566875}, "60": {"z": 4.9274208697224404, "y": 0.72407848343712033, "x": -4.5829736356007089}, "61": {"z": 4.9274208697224404, "y": 0.030257752181771541, "x": -4.6185798197475139}, "62": {"z": 4.9274208697224404, "y": -0.6635629790735772, "x": -4.6541860038943179}, "63": {"z": 4.9274208697224413, "y": 1.2165087219481237, "x": -4.8756519855104017}, "64": {"z": 4.9274208697224413, "y": 1.5075484677147821, "x": -5.4966148694765913}, "65": {"z": 4.9274208697224395, "y": 1.7985882134814404, "x": -6.1175777534427809}, "66": {"z": 1.5940875363891072, "y": 0.80248764661439886, "x": -5.6973196784563065}, "67": {"z": 1.5940875363891072, "y": 1.1129097934882553, "x": -6.1457075667663341}, "68": {"z": 1.5940875363891065, "y": 1.4233319403621114, "x": -6.5940954550763617}, "69": {"z": -1.0, "y": 0.38846657128067419, "x": -6.5189873714022122}, "70": {"z": -1.0, "y": 0.71827111926172871, "x": -6.794800264056077}, "71": {"z": -1.0, "y": 1.0480756672427831, "x": -7.0706131567099426}, "72": {"z": -1.0, "y": 4.0063017203158466, "x": -4.0238821518943686}, "73": {"z": -1.0, "y": 3.7086451120355761, "x": -4.3424272443656955}, "74": {"z": -1.0, "y": 3.4109885037553047, "x": -4.6609723368370215}, "75": {"z": 1.5940875363891061, "y": 3.5890213055827447, "x": -3.7015409758988413}, "76": {"z": 1.5940875363891065, "y": 3.1415864291786395, "x": -4.0355742291791996}, "77": {"z": 1.5940875363891063, "y": 2.6941515527745361, "x": -4.369607482459557}, "78": {"z": 4.9274208697224395, "y": 3.1717408908496427, "x": -3.3791997999033128}, "79": {"z": 4.9274208697224404, "y": 2.5745277463217047, "x": -3.7287212139927028}, "80": {"z": 4.9274208697224395, "y": 1.9773146017937679, "x": -4.0782426280820925}, "81": {"z": -0.35035690805533792, "y": 3.270963785471511, "x": -5.0378376356946362}, "82": {"z": 2.4274208697224404, "y": 3.2885709571841946, "x": -5.4730231409385395}, "83": {"z": 5.2051986475002181, "y": 3.3061781288968777, "x": -5.9082086461824428}, "84": {"z": 2.4274208697224395, "y": 2.5319859751289009, "x": -4.8086298370317619}, "85": {"z": 4.0940875363891056, "y": 2.6550896962417352, "x": -5.3526412928958118}, "86": {"z": 5.7607542030557735, "y": 2.7781934173545686, "x": -5.8966527487598626}, "87": {"z": 5.2051986475002172, "y": 1.7930081647862914, "x": -4.5794220383688868}, "88": {"z": 5.7607542030557735, "y": 2.0216084352992754, "x": -5.2322594448530841}, "89": {"z": 6.3163097586113288, "y": 2.2502087058122595, "x": -5.8850968513372823}}, "max_face": 117, "face": {"0": [5, 8, 26, 25], "1": [41, 38, 37, 40], "2": [51, 52, 49, 48], "4": [22, 21, 24, 25], "5": [52, 79, 78, 53], "9": [56, 55, 58, 59], "10": [58, 55, 54, 57], "11": [46, 23, 26, 45], "16": [26, 8, 11, 27, 42, 45], "17": [31, 30, 33, 34], "18": [44, 43, 28, 29], "21": [85, 82, 81, 84], "22": [82, 85, 86, 83], "23": [87, 80, 51, 36, 60, 63], "24": [37, 36, 39, 40], "26": [1, 0, 3, 4], "27": [13, 14, 11, 10], "29": [17, 14, 13, 16], "30": [47, 20, 23, 46], "32": [45, 42, 39, 48], "33": [66, 67, 64, 63], "34": [84, 81, 74, 77], "35": [31, 28, 27, 30], "36": [5, 4, 7, 8], "37": [80, 87, 84, 77], "38": [22, 19, 18, 21],