{"dea": {}, "dfa": {}, "vertex": {"0": {"z": 1.0, "y": 2.6550896962417352, "x": -5.3526412928958118}, "1": {"z": 1.0, "y": 1.1798480990030513, "x": -0.02425771910869709}, "2": {"z": 0.0, "y": -3.1870113780088087, "x": 0.61465334307457331}, "3": {"z": 0.0, "y": 3.4109885037553047, "x": -4.6609723368370215}, "4": {"z": 1.0, "y": 1.5571960232388764, "x": -0.80126336241188389}, "5": {"z": 0.0, "y": 2.5061092212609228, "x": 2.0971119651219103}, "6": {"z": 0.0, "y": 4.0063017203158466, "x": -4.0238821518943686}, "7": {"z": 1.0, "y": -1.7360929247880692, "x": -1.8404373728735979}, "8": {"z": 1.0, "y": 2.5319859751289009, "x": -4.8086298370317619}, "9": {"z": 1.0, "y": 1.5482496048316279, "x": -3.4342304956300698}, "10": {"z": 1.0, "y": 1.1478345123760894, "x": 0.93225806853306936}, "11": {"z": 1.0, "y": 1.406956561888117, "x": -2.4375710851034875}, "12": {"z": 1.0, "y": 0.4702186174156604, "x": -1.4829328811109668}, "13": {"z": 0.0, "y": -2.4700296610263939, "x": 2.6862205343331449}, "14": {"z": 1.0, "y": 2.2798782850835648, "x": -1.3987588613764912}, "15": {"z": 0.0, "y": -0.43022453645148995, "x": -6.2535676871215466}, "16": {"z": 1.0, "y": 2.0216084352992754, "x": -5.2322594448530841}, "17": {"z": 0.0, "y": -2.6986182237525878, "x": 1.9886482782756669}, "18": {"z": 1.0, "y": -1.0333378184582518, "x": -1.2390353017510154}, "19": {"z": 1.0, "y": -0.6635629790735772, "x": -4.6541860038943179}, "20": {"z": 1.0, "y": 2.0587608640708943, "x": -1.8577745120484634}, "21": {"z": 1.0, "y": 0.050787891368881177, "x": -3.7646339086533338}, "22": {"z": 1.0, "y": 1.7930081647862914, "x": -4.5794220383688868}, "23": {"z": 1.0, "y": -2.2556849084004602, "x": -0.63982753045309804}, "24": {"z": 1.0, "y": 0.64360694356366288, "x": -2.5473888952245312}, "25": {"z": 1.0, "y": 0.040754502687512267, "x": 0.13177335794970294}, "26": {"z": 1.0, "y": -0.76482336900974568, "x": -5.4113724328566875}, "27": {"z": 1.0, "y": 0.030257752181771541, "x": -4.6185798197475139}, "28": {"z": 1.0, "y": 1.8925098602780037, "x": 1.1181371847785595}, "29": {"z": 0.0, "y": 2.6371852081799183, "x": 1.3040163010240495}, "30": {"z": 1.0, "y": 0.80248764661439886, "x": -5.6973196784563065}, "31": {"z": 1.0, "y": 1.2656635189446057, "x": -1.4409116745769059}, "32": {"z": 1.0, "y": -0.71541948697390323, "x": -3.9174229079685712}, "33": {"z": 1.0, "y": 3.1717408908496427, "x": -3.3791997999033128}, "34": {"z": 1.0, "y": 1.1129097934882553, "x": -6.1457075667663341}, "35": {"z": 1.0, "y": 2.5745277463217047, "x": -3.7287212139927028}, "36": {"z": 0.0, "y": 3.3501380017921205, "x": -0.93671241416939477}, "37": {"z": 0.0, "y": 3.6943638772812593, "x": -1.63743589353383}, "38": {"z": 0.0, "y": -2.9272067864787816, "x": 1.2910760222181892}, "39": {"z": 0.0, "y": 3.0059121263029809, "x": -0.2359889348049593}, "40": {"z": 0.0, "y": 0.0056346860429345724, "x": -6.3385765124240354}, "41": {"z": 1.0, "y": 2.2502087058122595, "x": -5.8850968513372823}, "42": {"z": 0.0, "y": 3.270963785471511, "x": -5.0378376356946362}, "43": {"z": 1.0, "y": -0.33058271212843438, "x": -0.63763323062843313}, "44": {"z": 1.0, "y": 2.7781934173545686, "x": -5.8966527487598626}, "45": {"z": 1.0, "y": 2.8963551989115466, "x": -2.6519940944742322}, "46": {"z": 1.0, "y": 0.72407848343712033, "x": -4.5829736356007089}, "47": {"z": 0.0, "y": 3.2885709571841946, "x": -5.4730231409385395}, "48": {"z": 1.0, "y": 3.0025605469282528, "x": -1.9962543603410987}, "49": {"z": 0.0, "y": 1.0480756672427831, "x": -7.0706131567099426}, "50": {"z": 1.0, "y": 2.8518582091971831, "x": -2.2746373495200212}, "51": {"z": 1.0, "y": 0.080673825989588249, "x": 1.0691844639833927}, "52": {"z": 0.0, "y": -0.86608375894591427, "x": -6.168558861819057}, "53": {"z": 1.0, "y": -2.7525727717322988, "x": -1.2681651171292661}, "54": {"z": 1.0, "y": 1.9773146017937679, "x": -4.0782426280820925}, "55": {"z": 1.0, "y": 2.2815540747709289, "x": -0.51862614860842149}, "56": {"z": 0.0, "y": 0.71827111926172871, "x": -6.794800264056077}, "57": {"z": 0.0, "y": 3.3061781288968777, "x": -5.9082086461824428}, "58": {"z": 1.0, "y": 0.1205931492916642, "x": 2.0065955700170828}, "59": {"z": 1.0, "y": -1.4432261418956347, "x": 0.71142469008394604}, "60": {"z": 1.0, "y": -1.3089721988814997, "x": 1.5289163711295299}, "61": {"z": 1.0, "y": -0.32757384051594179, "x": -1.9838381316506455}, "62": {"z": 1.0, "y": 1.7985882134814404, "x": -6.1175777534427809}, "63": {"z": 1.0, "y": 3.5890213055827447, "x": -3.7015409758988413}, "64": {"z": 1.0, "y": 1.4233319403621114, "x": -6.5940954550763617}, "65": {"z": 1.0, "y": 3.3484622121047565, "x": -1.8168451269374644}, "66": {"z": 1.0, "y": -1.7587970450686214, "x": -0.011489943776929912}, "67": {"z": 0.0, "y": 0.38846657128067419, "x": -6.5189873714022122}, "68": {"z": 1.0, "y": 1.2165087219481237, "x": -4.8756519855104017}, "69": {"z": 1.0, "y": 2.6941515527745361, "x": -4.369607482459557}, "70": {"z": 1.0, "y": 2.8150081434378427, "x": -1.1677356377729429}, "71": {"z": 0.0, "y": -3.7690526186765281, "x": -0.69589286138493456}, "72": {"z": 0.0, "y": 3.7086451120355761, "x": -4.3424272443656955}, "73": {"z": 1.0, "y": -0.19998339213485924, "x": -5.4360737534345311}, "74": {"z": 0.0, "y": 2.7682611950989138, "x": 0.51092063692618872}, "75": {"z": 1.0, "y": 2.2445508967287688, "x": -3.2317906675292569}, "76": {"z": 1.0, "y": -0.92039289271072355, "x": -3.2010831450794481}, "77": {"z": 1.0, "y": 3.1415864291786395, "x": -4.0355742291791996}, "78": {"z": 1.0, "y": 1.1158209257491274, "x": 1.888773856174836}, "79": {"z": 0.0, "y": -3.4780319983426682, "x": -0.040619759155180624}, "80": {"z": 1.0, "y": -1.1747182558673648, "x": 2.3464080521751138}, "81": {"z": 1.0, "y": -0.13839297457353028, "x": -2.8742360201519901}, "82": {"z": 1.0, "y": 2.94085218862591, "x": -3.0293508394284432}, "83": {"z": 1.0, "y": 0.81699526971166547, "x": -3.6118449093380955}, "84": {"z": 1.0, "y": -1.1253662984475439, "x": -2.4847433821903246}, "85": {"z": 1.0, "y": 1.5075484677147821, "x": -5.4966148694765913}, "86": {"z": 1.0, "y": 1.9740546470509823, "x": 0.24333145890874586}, "87": {"z": 1.0, "y": 1.8109650735050251, "x": 1.9929429106483734}, "88": {"z": 1.0, "y": 2.1516558803998316, "x": -2.5447825897888601}, "89": {"z": 1.0, "y": 0.36485658474002736, "x": -5.4607750740123722}}, "max_face": 64, "face": {"1": [0, 44, 41, 16], "2": [44, 0, 47, 57], "3": [0, 16, 22, 8], "4": [1, 25, 51, 10], "5": [25, 1, 4, 31, 12, 43], "6": [4, 1, 86, 55], "7": [79, 2, 66, 23], "8": [3, 42, 8, 69], "9": [3, 69, 77, 72], "10": [31, 4, 14, 20], "11": [5, 29, 28, 87], "12": [63, 6, 72, 77], "13": [84, 7, 18, 61], "14": [7, 53, 23, 18], "15": [0, 8, 42, 47], "16": [8, 22, 54, 69], "17": [9, 75, 35, 54], "18": [75, 9, 11, 88], "19": [9, 54, 22, 68, 46, 83], "20": [1, 10, 28, 86], "21": [10, 51, 58, 78], "22": [11, 9, 83, 24], "23": [88, 11, 31, 20], "24": [12, 31, 11, 24], "25": [12, 61, 18, 43], "26": [61, 12, 24, 81], "27": [17, 13, 80, 60], "28": [14, 4, 55, 70], "29": [20, 14, 48, 50], "30": [15, 52, 26, 73], "31": [15, 73, 89, 40], "32": [16, 41, 62, 85], "33": [38, 17, 60, 59], "34": [18, 23, 66, 43], "35": [20, 50, 45, 88], "36": [21, 32, 76, 81], "37": [32, 21, 27, 19], "38": [21, 81, 24, 83], "39": [27, 21, 83, 46], "40": [22, 16, 85, 68], "41": [79, 23, 53, 71], "42": [25, 43, 66, 59], "43": [25, 59, 60, 51], "44": [26, 19, 27, 73], "45": [86, 28, 29, 74], "46": [28, 10, 78, 87], "47": [30, 67, 40, 89], "48": [67, 30, 34, 56], "49": [34, 30, 68, 85], "50": [33, 35, 75, 82], "51": [35, 33, 63, 77], "52": [56, 34, 64, 49], "53": [64, 34, 85, 62], "54": [54, 35, 77, 69], "55": [36, 70, 55, 39], "56": [70, 36, 37, 65], "57": [2, 38, 59, 66], "58": [39, 55, 86, 74], "59": [45, 82, 75, 88], "60": [46, 68, 30, 89], "61": [27, 46, 89, 73], "62": [48, 14, 70, 65], "63": [51, 60, 80, 58], "64": [84, 61, 81, 76]}, "facedata": {"1": {}, "2": {}, "3": {}, "4": {}, "5": {}, "6": {}, "7": {}, "8": {}, "9": {}, "10": {}, "11": {}, "12": {}, "13": {}, "14": {}, "15": {}, "16": {}, "17": {}, "18": {},