{"attributes": {"name": "Mesh", "strips": {}, "polyedges": {"0": [0, 4, 8, 12, 156, 157, 158, 159, 51, 50, 49, 48], "1": [132, 133, 134, 135, 146, 150, 154, 158], "2": [136, 137, 138, 139, 145, 149, 153, 157], "3": [1, 5, 9, 13, 152, 153, 154, 155, 55, 54, 53, 52], "4": [2, 6, 10, 14, 148, 149, 150, 151, 59, 58, 57, 56], "5": [60, 61, 62, 63, 147, 146, 145, 144, 15, 11, 7, 3], "6": [115, 119, 123, 127, 131, 135, 139, 143, 67, 71, 75, 79], "7": [114, 118, 122, 126, 130, 134, 138, 142, 66, 70, 74, 78], "8": [113, 117, 121, 125, 129, 133, 137, 141, 65, 69, 73, 77], "9": [112, 116, 120, 124, 128, 132, 136, 140, 64, 68, 72, 76], "10": [128, 129, 130, 131, 147, 151, 155, 159], "11": [124, 125, 126, 127, 99, 98, 97, 96], "12": [120, 121, 122, 123, 103, 102, 101, 100], "13": [116, 117, 118, 119, 107, 106, 105, 104], "14": [112, 113, 114, 115, 111, 110, 109, 108], "15": [80, 81, 82, 83, 99, 103, 107, 111], "16": [84, 85, 86, 87, 98, 102, 106, 110], "17": [88, 89, 90, 91, 97, 101, 105, 109], "18": [92, 93, 94, 95, 96, 100, 104, 108], "19": [51, 55, 59, 63, 83, 87, 91, 95], "20": [50, 54, 58, 62, 82, 86, 90, 94], "21": [49, 53, 57, 61, 81, 85, 89, 93], "22": [48, 52, 56, 60, 80, 84, 88, 92], "23": [76, 77, 78, 79, 35, 34, 33, 32], "24": [72, 73, 74, 75, 39, 38, 37, 36], "25": [68, 69, 70, 71, 43, 42, 41, 40], "26": [140, 141, 142, 143, 144, 148, 152, 156], "27": [64, 65, 66, 67, 47, 46, 45, 44], "28": [35, 39, 43, 47, 19, 23, 27, 31], "29": [34, 38, 42, 46, 18, 22, 26, 30], "30": [33, 37, 41, 45, 17, 21, 25, 29], "31": [32, 36, 40, 44, 16, 20, 24, 28], "32": [28, 29, 30, 31, 3, 2, 1, 0], "33": [24, 25, 26, 27, 7, 6, 5, 4], "34": [20, 21, 22, 23, 11, 10, 9, 8], "35": [16, 17, 18, 19, 15, 14, 13, 12]}}, "dva": {"x": 0.0, "y": 0.0, "z": 0.0}, "dea": {}, "dfa": {}, "vertex": {"1": {"x": -1.2931055778599791, "y": 3.251561502918123, "z": 0.0}, "0": {"x": -1.5815435849187673, "y": 3.4576893858280267, "z": 0.0}, "4": {"x": -1.7838104056521824, "y": 3.2327450805538693, "z": 0.0}, "5": {"x": -1.5021699678487002, "y": 2.944438372157401, "z": 0.0}, "2": {"x": -1.0046675708011912, "y": 3.045433620008219, "z": 0.0}, "6": {"x": -1.2205295300452181, "y": 2.6561316637609327, "z": 0.0}, "3": {"x": -0.7162295637424032, "y": 2.8393057370983144, "z": 0.0}, "7": {"x": -0.9388890922417361, "y": 2.3678249553644637, "z": 0.0}, "31": {"x": -0.3083213950929778, "y": 2.6755153587939056, "z": 0.0}, "27": {"x": -0.5161519003489345, "y": 2.167315135611047, "z": 0.0}, "8": {"x": -1.9860772263855977, "y": 3.0078007752797125, "z": 0.0}, "9": {"x": -1.7112343578374214, "y": 2.637315241396679, "z": 0.0}, "10": {"x": -1.436391489289245, "y": 2.2668297075136463, "z": 0.0}, "11": {"x": -1.161548620741069, "y": 1.8963441736306135, "z": 0.0}, "23": {"x": -0.7239824056048911, "y": 1.6591149124281885, "z": 0.0}, "12": {"x": -2.1883440471190125, "y": 2.7828564700055547, "z": 0.0}, "13": {"x": -1.9202987478261426, "y": 2.330192110635957, "z": 0.0}, "14": {"x": -1.652253448533272, "y": 1.87752775126636, "z": 0.0}, "15": {"x": -1.384208149240402, "y": 1.4248633918967626, "z": 0.0}, "19": {"x": -0.9318129108608479, "y": 1.1509146892453295, "z": 0.0}, "156": {"x": -2.407831149870136, "y": 2.6767864534236914, "z": 0.0}, "152": {"x": -2.2051674544602458, "y": 2.1943821726464465, "z": 0.0}, "148": {"x": -2.002503759050356, "y": 1.7119778918692021, "z": 0.0}, "144": {"x": -1.7998400636404657, "y": 1.2295736110919573, "z": 0.0}, "143": {"x": -1.8290490875575915, "y": 0.7514201113322789, "z": 0.0}, "67": {"x": -1.3058707968846, "y": 0.4464702609379043, "z": 0.0}, "47": {"x": -0.8446408409401855, "y": 0.6373678731948574, "z": 0.0}, "44": {"x": 0.9947253016363581, "y": 0.43718624895549074, "z": 0.0}, "16": {"x": 0.9784226215378676, "y": 0.8652155514455231, "z": 0.0}, "17": {"x": 0.3416774440716291, "y": 0.960448597378792, "z": 0.0}, "45": {"x": 0.3816032541108436, "y": 0.5039134570352796, "z": 0.0}, "18": {"x": -0.29506773339460934, "y": 1.0556816433120606, "z": 0.0}, "46": {"x": -0.23151879341467096, "y": 0.5706406651150685, "z": 0.0}, "20": {"x": 1.0768862795676484, "y": 1.3471959468627377, "z": 0.0}, "21": {"x": 0.4765967178434687, "y": 1.4511689353845545, "z": 0.0}, "22": {"x": -0.12369284388071125, "y": 1.5551419239063717, "z": 0.0}, "24": {"x": 1.1753499375974295, "y": 1.8291763422799523, "z": 0.0}, "25": {"x": 0.6115159916153082, "y": 1.9418892733903175, "z": 0.0}, "26": {"x": 0.04768204563318679, "y": 2.054602204500682, "z": 0.0}, "28": {"x": 1.2738135956272103, "y": 2.311156737697166, "z": 0.0}, "29": {"x": 0.7464352653871477, "y": 2.43260961139608, "z": 0.0}, "30": {"x": 0.21905693514708485, "y": 2.5540624850949927, "z": 0.0}, "33": {"x": 1.0259159356616494, "y": -0.7631363710085067, "z": 0.0}, "32": {"x": 1.3879323563166444, "y": -0.6850483797330611, "z": 0.0}, "36": {"x": 1.2568633380898824, "y": -0.31097017017021045, "z": 0.0}, "37": {"x": 0.8111450418113808, "y": -0.3407864283272446, "z": 0.0}, "34": {"x": 0.663899515006654, "y": -0.8412243622839524, "z": 0.0}, "38": {"x": 0.3654267455328791, "y": -0.3706026864842787, "z": 0.0}, "35": {"x": 0.30188309435165894, "y": -0.919312353559398, "z": 0.0}, "39": {"x": -0.08029155074562255, "y": -0.4004189446413129, "z": 0.0}, "79": {"x": -0.07206757473223635, "y": -1.1024086884008844, "z": 0.0}, "75": {"x": -0.4833353154496909, "y": -0.586115705287955, "z": 0.0}, "40": {"x": 1.12579431986312, "y": 0.06310803939264018, "z": 0.0}, "41": {"x": 0.596374147961112, "y": 0.08156351435401753, "z": 0.0}, "42": {"x": 0.06695397605910404, "y": 0.10001898931539487, "z": 0.0}, "43": {"x": -0.462466195842904, "y": 0.11847446427677225, "z": 0.0}, "71": {"x": -0.8946030561671454, "y": -0.0698227221750253, "z": 0.0}, "49": {"x": -3.808764265799887, "y": 3.4760100702919763, "z": 0.0}, "48": {"x": -4.037747173495423, "y": 3.777773536084686, "z": 0.0}, "52": {"x": -4.226992208351233, "y": 3.5838886479537138, "z": 0.0}, "53": {"x": -4.010001016233294, "y": 3.222390052647624, "z": 0.0}, "50": {"x": -3.5797813581043503, "y": 3.1742466044992668, "z": 0.0}, "54": {"x": -3.7930098241153543, "y": 2.860891457341535, "z": 0.0}, "51": {"x": -3.3507984504088144, "y": 2.8724831387065572, "z": 0.0}, "55": {"x": -3.5760186319974157, "y": 2.499392862035446, "z": 0.0}, "159": {"x": -3.1179533041766305, "y": 2.7151992697549865, "z": 0.0}, "155": {"x": -3.2871865242987037, "y": 2.30089193699155, "z": 0.0}, "56": {"x": -4.416237243207043, "y": 3.390003759822741, "z": 0.0}, "57": {"x": -4.2112377666667005, "y": 2.968770035003272, "z": 0.0}, "58": {"x": -4.006238290126359, "y": 2.547536310183803, "z": 0.0}, "59": {"x": -3.801238813586018, "y": 2.1263025853643343, "z": 0.0}, "151": {"x": -3.456419744420777, "y": 1.8865846042281142, "z": 0.0}, "60": {"x": -4.605482278062853, "y": 3.196118871691768, "z": 0.0}, "61": {"x": -4.412474517100108, "y": 2.715150017358919, "z": 0.0}, "62": {"x": -4.219466756137364, "y": 2.2341811630260704, "z": 0.0}, "63": {"x": -4.026458995174619, "y": 1.7532123086932223, "z": 0.0}, "147": {"x": -3.62565296454285, "y": 1.4722772714646775, "z": 0.0}, "80": {"x": -4.847729576172837, "y": 3.101015147123536, "z": 0.0}, "81": {"x": -4.680550491370361, "y": 2.6133052116781013, "z": 0.0}, "82": {"x": -4.513371406567884, "y": 2.1255952762326675, "z": 0.0}, "83": {"x": -4.3461923217654075, "y": 1.6378853407872338, "z": 0.0}, "99": {"x": -4.532454884249757, "y": 1.2548906787160172, "z": 0.0}, "127": {"x": -4.335050121464132, "y": 0.9501911410665268, "z": 0.0}, "131": {"x": -3.73431560944318, "y": 1.0322402643597388, "z": 0.0}, "140": {"x": -2.6122943172900173, "y": -0.6702880448940556, "z": 0.0}, "64": {"x": -2.233884389974544, "y": -0.8990970368431814, "z": 0.0}, "65": {"x": -1.9245465256112295, "y": -0.45057460424948625, "z": 0.0}, "141": {"x": -2.351212574045876, "y": -0.1963853261519441, "z": 0.0}, "66": {"x": -1.6152086612479144, "y": -0.0020521716557909825, "z": 0.0}, "142": {"x": -2.090130830801734, "y": 0.27751739259016744, "z": 0.0}, "68": {"x": -1.8991637024065702,